cluster,location,property_type,bedrooms,area_sqft,contract_rent,duration_months,annualised_rent,annualised_rent_per_sqft,rental_yield_pct,contract_type,start_date,end_date,purchase_price,source_file,source_page,record_uid
Orania,"Orania, The Valley, Al Yufrah 1",Villa,3,1873.0,132000.0,12,132000.0,70.47517351841965,7.9,Renewed,2026-11-15,2027-11-14,1700000.0,"The Valley (All Phases), Al Yufrah 1-4.pdf",7,58ad565c51d7cbf85dcdcecea7c374afe29174a8
Talia,"Talia, The Valley, Al Yufrah 1",Villa,3,1873.0,145000.0,12,145000.0,77.41591030432461,5.6,Renewed,2026-09-07,2027-09-06,2600000.0,"The Valley (All Phases), Al Yufrah 1-4.pdf",9,58221e1b7d0927a4b2edeb95915716fc85dc1f56
Talia,"Talia, The Valley, Al Yufrah 1",Villa,3,1898.0,127000.0,12,127000.0,66.91253951527924,8.5,New,2026-09-05,2027-09-04,1500000.0,"The Valley (All Phases), Al Yufrah 1-4.pdf",5,e789a2e75151c21395082b49dbb44223300a057b
Talia,"Talia, The Valley, Al Yufrah 1",Villa,3,1873.0,128000.0,12,128000.0,68.33956219967966,8.8,Renewed,2026-09-01,2027-08-31,1400000.0,"The Valley (All Phases), Al Yufrah 1-4.pdf",4,d5ab618e3f5d71fe746d89200fcbac9975b6b86a
Nara,"Nara, The Valley, Al Yufrah 1",Villa,4,2750.0,165000.0,12,165000.0,60.0,9.4,New,2026-09-01,2027-08-31,1800000.0,"The Valley (All Phases), Al Yufrah 1-4.pdf",2,3d88e09877fda5c1c453e5034e9d52a94457d42b
Talia,"Talia, The Valley, Al Yufrah 1",Villa,3,1873.0,150000.0,12,150000.0,80.0854244527496,10.2,New,2026-09-01,2027-08-31,1500000.0,"The Valley (All Phases), Al Yufrah 1-4.pdf",7,64ce1c32b35947fb43ec60bfee720a8e3ead971b
Nara,"Nara, The Valley, Al Yufrah 1",Villa,3,1873.0,130000.0,12,130000.0,69.40736785904966,4.1,New,2026-09-01,2027-08-31,3200000.0,"The Valley (All Phases), Al Yufrah 1-4.pdf",6,92ed95d372e733447d451300b8b5533c8dfc4f70
Eden,"Eden, The Valley, Al Yufrah 1",Villa,3,1873.0,120000.0,12,120000.0,64.06833956219968,9.9,New,2026-09-01,2027-08-31,1200000.0,"The Valley (All Phases), Al Yufrah 1-4.pdf",2,bcf2d7db4a20eeb712dc00d01b2caecc403d945a
Eden,"Eden, The Valley, Al Yufrah 1",Villa,3,1873.0,140000.0,12,140000.0,74.74639615589963,11.7,Renewed,2026-09-01,2027-08-31,1200000.0,"The Valley (All Phases), Al Yufrah 1-4.pdf",2,aaa604a7dbaaf65bd0668dced11043c4b0c02727
Talia,"Talia, The Valley, Al Yufrah 1",Villa,3,1873.0,128000.0,12,128000.0,68.33956219967966,8.8,Renewed,2026-09-01,2027-08-31,1400000.0,"The Valley (All Phases), Al Yufrah 1-4.pdf",4,3115db0066587ee0cf6bd7b50e5ac08c8deb0971
Talia,"Talia, The Valley, Al Yufrah 1",Villa,3,1873.0,135000.0,12,135000.0,72.07688200747464,8.9,Renewed,2026-09-01,2027-08-31,1500000.0,"The Valley (All Phases), Al Yufrah 1-4.pdf",6,1c9a8717230028b89c15a554d6996ecb1c3334b5
Eden,"Eden, The Valley, Al Yufrah 1",Villa,3,1873.0,120000.0,12,120000.0,64.06833956219968,9.9,New,2026-09-01,2027-08-31,1200000.0,"The Valley (All Phases), Al Yufrah 1-4.pdf",4,1ceb1e206551bda957721743a355a29dd667c2b7
Nara,"Nara, The Valley, Al Yufrah 1",Villa,3,1873.0,126000.0,12,126000.0,67.27175654030967,8.8,Renewed,2026-09-01,2027-08-31,1400000.0,"The Valley (All Phases), Al Yufrah 1-4.pdf",3,f2cfd3879c1b3d3db11821dd895fb79dd59e08a6
Eden,"Eden, The Valley, Al Yufrah 1",Villa,3,1873.0,140000.0,12,140000.0,74.74639615589963,9.0,New,2026-09-01,2027-08-31,1600000.0,"The Valley (All Phases), Al Yufrah 1-4.pdf",2,45b5ceda5da5a52361c214fb213ac14d89989336
Talia,"Talia, The Valley, Al Yufrah 1",Villa,4,2770.0,170000.0,12,170000.0,61.371841155234655,7.5,New,2026-08-31,2027-08-30,2300000.0,"The Valley (All Phases), Al Yufrah 1-4.pdf",2,cae56e4cbc06f032d46452210cf94570ca9426cd
Elora,"Elora, The Valley, Al Yufrah 1",Villa,4,3301.0,190000.0,12,190000.0,57.55831566192063,7.8,New,2026-08-30,2027-08-29,2400000.0,"The Valley (All Phases), Al Yufrah 1-4.pdf",5,80a9ad72d85e5794e3db90990b9fd8a6fbce9163
Nara,"Nara, The Valley, Al Yufrah 1",Villa,3,1873.0,145000.0,12,145000.0,77.41591030432461,9.7,Renewed,2026-08-29,2027-08-28,1500000.0,"The Valley (All Phases), Al Yufrah 1-4.pdf",9,0531b009e78946030474873d123ced91df3a04f9
Elora,"Elora, The Valley, Al Yufrah 1",Villa,3,1483.0,147000.0,12,147000.0,99.12339851652057,6.4,New,2026-08-28,2027-08-27,2300000.0,"The Valley (All Phases), Al Yufrah 1-4.pdf",2,e52abbf597adb9341882b895ed15639282ca614d
Elora,"Elora, The Valley, Al Yufrah 1",Villa,3,1482.0,135000.0,12,135000.0,91.09311740890688,,New,2026-08-27,2027-08-26,,"The Valley (All Phases), Al Yufrah 1-4.pdf",3,37d4d7c2b147a3327a55467129b7cbb865c6f0f1
Talia,"Talia, The Valley, Al Yufrah 1",Villa,4,2772.0,163000.0,12,163000.0,58.8023088023088,4.9,New,2026-08-26,2027-08-25,3400000.0,"The Valley (All Phases), Al Yufrah 1-4.pdf",6,e9fa5b1184a778ec46d09d93680f230f72118115
Nara,"Nara, The Valley, Al Yufrah 1",Villa,3,1873.0,125000.0,12,125000.0,66.73785371062466,8.9,New,2026-08-25,2027-08-24,1400000.0,"The Valley (All Phases), Al Yufrah 1-4.pdf",5,2f34c3bba5084824572e9eafcaf930db656510a2
Eden,"Eden, The Valley, Al Yufrah 1",Villa,3,1873.0,140000.0,12,140000.0,74.74639615589963,11.5,Renewed,2026-08-25,2027-08-24,1200000.0,"The Valley (All Phases), Al Yufrah 1-4.pdf",3,bdbd6732ce2a359bf11c1aa18f5c5df9d9aae8a0
Nara,"Nara, The Valley, Al Yufrah 1",Villa,3,1873.0,150000.0,12,150000.0,80.0854244527496,4.9,Renewed,2026-08-25,2027-08-24,3000000.0,"The Valley (All Phases), Al Yufrah 1-4.pdf",3,99315e5414ea666bc04005d2babb3f5c4d208e42
Eden,"Eden, The Valley, Al Yufrah 1",Villa,3,1873.0,136500.0,12,136500.0,72.87773625200214,6.3,New,2026-08-25,2027-08-24,2200000.0,"The Valley (All Phases), Al Yufrah 1-4.pdf",2,74d651ea125bfde32c93175169471a5ec8605ac0
Orania,"Orania, The Valley, Al Yufrah 1",Villa,3,1873.0,140000.0,12,140000.0,74.74639615589963,,New,2026-08-25,2027-08-24,,"The Valley (All Phases), Al Yufrah 1-4.pdf",3,1436f7a95f6b17663d98c157b500226a07a090b2
Eden,"Eden, The Valley, Al Yufrah 1",Villa,3,1898.0,125000.0,12,125000.0,65.85879873551106,7.6,New,2026-08-25,2027-08-24,1700000.0,"The Valley (All Phases), Al Yufrah 1-4.pdf",3,600fd7d6dc0233628b944af44e26e3fbfd67bdad
Eden,"Eden, The Valley, Al Yufrah 1",Villa,4,2772.0,180000.0,12,180000.0,64.93506493506493,10.9,New,2026-08-24,2027-08-23,1600000.0,"The Valley (All Phases), Al Yufrah 1-4.pdf",7,d55ae2f5d4c9e82623c39831d9255f82d563c50c
Nara,"Nara, The Valley, Al Yufrah 1",Villa,4,2750.0,165000.0,12,165000.0,60.0,6.4,New,2026-08-23,2027-08-22,2600000.0,"The Valley (All Phases), Al Yufrah 1-4.pdf",2,104aca48a10f65fa4d32d35978eb92469f0ad496
Eden,"Eden, The Valley, Al Yufrah 1",Villa,3,1898.0,150000.0,12,150000.0,79.03055848261327,7.9,New,2026-08-22,2027-08-21,1900000.0,"The Valley (All Phases), Al Yufrah 1-4.pdf",3,029f71f6b989e240840bac27ae92b366a0a393fe
Orania,"Orania, The Valley, Al Yufrah 1",Villa,4,2809.0,155000.0,12,155000.0,55.179779280882876,7.7,New,2026-08-21,2027-08-20,2000000.0,"The Valley (All Phases), Al Yufrah 1-4.pdf",4,77d4c7c63d8d6f632905dd3d37e146a9e5f664f5
Orania,"Orania, The Valley, Al Yufrah 1",Villa,3,1873.0,120000.0,12,120000.0,64.06833956219968,7.6,New,2026-08-21,2027-08-20,1600000.0,"The Valley (All Phases), Al Yufrah 1-4.pdf",2,a8485643777afc46cae027996e911fbbb5c589ca
Farm Gardens,"Farm Gardens, The Valley, Al Yufrah1",Villa,5,10008.0,550000.0,12,550000.0,54.95603517186251,7.8,New,2026-08-20,2027-08-19,7100000.0,"The Valley (All Phases), Al Yufrah 1-4.pdf",3,e7e2a7809570daa0763a0a94dc9e1591b1cb665b
Nara,"Nara, The Valley, Al Yufrah 1",Villa,3,1873.0,125000.0,12,125000.0,66.73785371062466,8.4,New,2026-08-20,2027-08-19,1500000.0,"The Valley (All Phases), Al Yufrah 1-4.pdf",7,57b6927bff83b9e2f07cea3c96f0431c921b7944
Elora,"Elora, The Valley, Al Yufrah 1",Villa,4,2488.0,165000.0,12,165000.0,66.31832797427653,7.2,New,2026-08-20,2027-08-19,2300000.0,"The Valley (All Phases), Al Yufrah 1-4.pdf",8,3a63c7b859a418f3505d1579f6e6fd3dd58ab6a1
Nara,"Nara, The Valley, Al Yufrah 1",Villa,3,1873.0,135000.0,12,135000.0,72.07688200747464,9.0,New,2026-08-20,2027-08-19,1500000.0,"The Valley (All Phases), Al Yufrah 1-4.pdf",4,de525f31ea4ba288cb8cd5ba94530a2f012d6978
Farm Gardens,"Farm Gardens, The Valley, Al Yufrah1",Villa,4,9082.0,700000.0,24,350000.0,38.53776701167144,13.5,New,2026-08-20,2028-08-19,5200000.0,"The Valley (All Phases), Al Yufrah 1-4.pdf",5,32bd9cf9ee66ba0dda02c4f481f44ce0d8fa8584
Nara,"Nara, The Valley, Al Yufrah 1",Villa,3,1873.0,130000.0,12,130000.0,69.40736785904966,9.0,New,2026-08-20,2027-08-19,1400000.0,"The Valley (All Phases), Al Yufrah 1-4.pdf",5,ab75f5fb081a8fd02e98bbf99569405e67fe260b
Nara,"Nara, The Valley, Al Yufrah 1",Villa,3,1873.0,130000.0,12,130000.0,69.40736785904966,9.0,New,2026-08-20,2027-08-19,1400000.0,"The Valley (All Phases), Al Yufrah 1-4.pdf",4,3ba8cabc02765e698131d87e6da6d41bd4648c85
Talia,"Talia, The Valley, Al Yufrah 1",Villa,3,1873.0,140000.0,12,140000.0,74.74639615589963,5.4,Renewed,2026-08-17,2027-08-16,2600000.0,"The Valley (All Phases), Al Yufrah 1-4.pdf",7,5cf54aa4a99ef06ce08fda380b537669189a9cc9
Talia,"Talia, The Valley, Al Yufrah 1",Villa,4,2770.0,150000.0,12,150000.0,54.151624548736464,7.8,New,2026-08-16,2027-08-15,1900000.0,"The Valley (All Phases), Al Yufrah 1-4.pdf",5,dbcf16ec7b7c65cbed6ec52bfe6c5cbe8c79bcec
Nara,"Nara, The Valley, Al Yufrah 1",Villa,3,1873.0,126000.0,12,126000.0,67.27175654030967,8.7,New,2026-08-15,2027-08-14,1400000.0,"The Valley (All Phases), Al Yufrah 1-4.pdf",10,f157e29c39c17f282e36b3208a591533f7705d14
Eden,"Eden, The Valley, Al Yufrah 1",Villa,3,1909.0,125000.0,12,125000.0,65.47930853850184,9.2,Renewed,2026-08-15,2027-08-14,1400000.0,"The Valley (All Phases), Al Yufrah 1-4.pdf",12,79f0bc12940085e0a964161d54914eabb79c0eaa
Eden,"Eden, The Valley, Al Yufrah 1",Villa,3,1873.0,130000.0,12,130000.0,69.40736785904966,8.7,New,2026-08-15,2027-08-14,1500000.0,"The Valley (All Phases), Al Yufrah 1-4.pdf",2,285cf3c429f751b577753b8b0d84ab320cb86fd3
Talia,"Talia, The Valley, Al Yufrah 1",Villa,3,1873.0,125000.0,12,125000.0,66.73785371062466,8.3,New,2026-08-15,2027-08-14,1500000.0,"The Valley (All Phases), Al Yufrah 1-4.pdf",7,ccbe1379dee1469f3617bb0945c1c232275efe81
Talia,"Talia, The Valley, Al Yufrah 1",Villa,3,1873.0,135000.0,12,135000.0,72.07688200747464,9.1,New,2026-08-15,2027-08-14,1500000.0,"The Valley (All Phases), Al Yufrah 1-4.pdf",4,1ace5216a822f5c027361e53660f5f9db7209019
Nara,"Nara, The Valley, Al Yufrah 1",Villa,3,1873.0,120000.0,12,120000.0,64.06833956219968,8.3,New,2026-08-15,2027-08-14,1400000.0,"The Valley (All Phases), Al Yufrah 1-4.pdf",12,55935760eaf2cddfff0c2c1208c0427b826286f2
Nara,"Nara, The Valley, Al Yufrah 1",Villa,3,1873.0,138000.0,12,138000.0,73.67859049652964,9.6,Renewed,2026-08-15,2027-08-14,1400000.0,"The Valley (All Phases), Al Yufrah 1-4.pdf",11,ab4c949a2959b1cabc67501aeda910eca07fbd5b
Elora,"Elora, The Valley, Al Yufrah 1",Villa,3,1483.0,130000.0,12,130000.0,87.66014834794336,,New,2026-08-15,2027-08-14,,"The Valley (All Phases), Al Yufrah 1-4.pdf",4,12a72a030834cf3c288772528dd644da75f5c928
Nara,"Nara, The Valley, Al Yufrah 1",Villa,3,1873.0,280000.0,25,134400.0,71.75654030966363,18.3,Renewed,2026-08-15,2028-09-13,1500000.0,"The Valley (All Phases), Al Yufrah 1-4.pdf",4,12a9d2bec7c77cc763fc06971450cf9d0b6d98dc
Nara,"Nara, The Valley, Al Yufrah 1",Villa,3,1873.0,135000.0,12,135000.0,72.07688200747464,9.7,Renewed,2026-08-15,2027-08-14,1400000.0,"The Valley (All Phases), Al Yufrah 1-4.pdf",33,55fc15aa38ebe5e7bfa9fd261461209fa7b32af5
Orania,"Orania, The Valley, Al Yufrah 1",Villa,3,1873.0,125000.0,12,125000.0,66.73785371062466,5.7,New,2026-08-15,2027-08-14,2200000.0,"The Valley (All Phases), Al Yufrah 1-4.pdf",7,3b47cf7a391c2bfe5e196c477b55382c69c0101d
Eden,"Eden, The Valley, Al Yufrah 1",Villa,3,1873.0,125000.0,12,125000.0,66.73785371062466,5.0,New,2026-08-15,2027-08-14,2500000.0,"The Valley (All Phases), Al Yufrah 1-4.pdf",8,f99d5418a0ae1994cc7f4e57ec9f8e819fdc1009
Nara,"Nara, The Valley, Al Yufrah 1",Villa,3,1904.0,125000.0,12,125000.0,65.65126050420169,8.8,New,2026-08-15,2027-08-14,1400000.0,"The Valley (All Phases), Al Yufrah 1-4.pdf",6,4b4dde92bc7e36087df142c3d363cda9cf7cea77
Talia,"Talia, The Valley, Al Yufrah 1",Villa,4,2750.0,90000.0,6,180000.0,65.45454545454545,4.7,Renewed,2026-08-15,2027-02-14,1900000.0,"The Valley (All Phases), Al Yufrah 1-4.pdf",8,c39ac3dd8b465fbb2a80115d586b112160aecf45
Eden,"Eden, The Valley, Al Yufrah 1",Villa,3,1873.0,130000.0,12,130000.0,69.40736785904966,11.1,New,2026-08-14,2027-08-13,1200000.0,"The Valley (All Phases), Al Yufrah 1-4.pdf",6,fe080a94e7dab8bc4abfa44ced11d52eb58db3e3
Elora,"Elora, The Valley, Al Yufrah 1",Villa,3,1481.0,140000.0,12,140000.0,94.53072248480757,7.4,New,2026-08-13,2027-08-12,1900000.0,"The Valley (All Phases), Al Yufrah 1-4.pdf",6,d8c445537585371d74a3a75cfeaf8cc05a092f39
Eden,"Eden, The Valley, Al Yufrah 1",Villa,3,1873.0,125000.0,12,125000.0,66.73785371062466,10.4,New,2026-08-13,2027-08-12,1200000.0,"The Valley (All Phases), Al Yufrah 1-4.pdf",6,33938c5b064c25f0faaf1fda7f89fefb8f11c993
Eden,"Eden, The Valley, Al Yufrah 1",Villa,3,1873.0,140000.0,12,140000.0,74.74639615589963,11.2,Renewed,2026-08-12,2027-08-11,1300000.0,"The Valley (All Phases), Al Yufrah 1-4.pdf",23,8b6cd10955a417506b6587fd82fce2258895457e
Elora,"Elora, The Valley, Al Yufrah 1",Villa,3,1484.0,140000.0,12,140000.0,94.33962264150944,8.0,New,2026-08-12,2027-08-11,1800000.0,"The Valley (All Phases), Al Yufrah 1-4.pdf",6,3af40dc264205f99abd880042001088f7cf92cd6
Orania,"Orania, The Valley, Al Yufrah 1",Villa,3,1885.0,125000.0,12,125000.0,66.3129973474801,8.1,New,2026-08-12,2027-08-11,1500000.0,"The Valley (All Phases), Al Yufrah 1-4.pdf",5,c0aa38cb75fba71985ddd0576a66c42453857d4e
Eden,"Eden, The Valley, Al Yufrah 1",Villa,3,1873.0,135000.0,12,135000.0,72.07688200747464,11.4,Renewed,2026-08-11,2027-08-10,1200000.0,"The Valley (All Phases), Al Yufrah 1-4.pdf",5,0e19c7cf2e1ffdf117581ce7c412f230997a1a94
Talia,"Talia, The Valley, Al Yufrah 1",Villa,3,1874.0,130000.0,12,130000.0,69.37033084311634,8.5,New,2026-08-11,2027-08-10,1500000.0,"The Valley (All Phases), Al Yufrah 1-4.pdf",8,1a7d76333368116aef274607ba206a8193bd16b2
Eden,"Eden, The Valley, Al Yufrah 1",Villa,3,1898.0,125000.0,12,125000.0,65.85879873551106,7.9,New,2026-08-11,2027-08-10,1600000.0,"The Valley (All Phases), Al Yufrah 1-4.pdf",5,df61b7d5b87793b9c78a4ae362ad62f450d7a26c
Orania,"Orania, The Valley, Al Yufrah 1",Villa,3,1873.0,120000.0,12,120000.0,64.06833956219968,8.0,New,2026-08-10,2027-08-09,1500000.0,"The Valley (All Phases), Al Yufrah 1-4.pdf",9,7cd4b57c9b90a6a6dac674673a5efb885fd27588
Nara,"Nara, The Valley, Al Yufrah 1",Villa,3,1873.0,125000.0,12,125000.0,66.73785371062466,8.9,New,2026-08-10,2027-08-09,1400000.0,"The Valley (All Phases), Al Yufrah 1-4.pdf",10,6f321c3e631496bc1ae80e3438263e863470ead4
Talia,"Talia, The Valley, Al Yufrah 1",Villa,4,2771.0,160000.0,12,160000.0,57.740887766149406,4.6,New,2026-08-10,2027-08-09,3500000.0,"The Valley (All Phases), Al Yufrah 1-4.pdf",7,5a4c2db66f004de5cc4896bcfbc90e335178d5c2
Nara,"Nara, The Valley, Al Yufrah 1",Villa,3,1873.0,126000.0,12,126000.0,67.27175654030967,8.8,New,2026-08-10,2027-08-09,1400000.0,"The Valley (All Phases), Al Yufrah 1-4.pdf",7,32bd96c8e0c1bbc554aa74e86df9025d471c38a8
Talia,"Talia, The Valley, Al Yufrah 1",Villa,3,1873.0,130000.0,12,130000.0,69.40736785904966,8.6,Renewed,2026-08-10,2027-08-09,1500000.0,"The Valley (All Phases), Al Yufrah 1-4.pdf",14,8d9f5c5b7f9e20383b228293bf133dbfa9c118c2
Orania,"Orania, The Valley, Al Yufrah 1",Villa,3,1873.0,140000.0,12,140000.0,74.74639615589963,8.1,New,2026-08-10,2027-08-09,1700000.0,"The Valley (All Phases), Al Yufrah 1-4.pdf",10,1ba87e59405e6c90cedd4f4f3449931a0945dccc
Nara,"Nara, The Valley, Al Yufrah 1",Villa,4,2762.0,175000.0,12,175000.0,63.35988414192614,10.0,New,2026-08-10,2027-08-09,1800000.0,"The Valley (All Phases), Al Yufrah 1-4.pdf",9,acbe2511bb95673affbddec7ba137c2d24c5979c
Eden,"Eden, The Valley, Al Yufrah 1",Villa,3,1873.0,115000.0,12,115000.0,61.398825413774695,7.8,New,2026-08-10,2027-08-09,1500000.0,"The Valley (All Phases), Al Yufrah 1-4.pdf",7,ac73af81549c6f1ebd4d29b7eec8b34cc47895bd
Elora,"Elora, The Valley, Al Yufrah 1",Villa,4,2487.0,185000.0,12,185000.0,74.38681141938078,8.7,New,2026-08-10,2027-08-09,2100000.0,"The Valley (All Phases), Al Yufrah 1-4.pdf",6,0721500b6ec570081e19fc026e16be979d13c05f
Orania,"Orania, The Valley, Al Yufrah 1",Villa,3,1873.0,125000.0,12,125000.0,66.73785371062466,8.0,New,2026-08-10,2027-08-09,1600000.0,"The Valley (All Phases), Al Yufrah 1-4.pdf",7,52eb9aa15c798f003d8239e3992d7e265064b44c
Nara,"Nara, The Valley, Al Yufrah 1",Villa,3,1873.0,135000.0,13,124615.38461538461,66.53250646843813,4.9,New,2026-08-10,2027-08-11,2800000.0,"The Valley (All Phases), Al Yufrah 1-4.pdf",6,59885f8fdc1ff5ef53d73778a3c4384406aee96d
Orania,"Orania, The Valley, Al Yufrah 1",Villa,3,1873.0,125000.0,12,125000.0,66.73785371062466,7.1,New,2026-08-08,2027-08-07,1800000.0,"The Valley (All Phases), Al Yufrah 1-4.pdf",5,a629ab8d9586cd7a24ce331eb294f6e828088314
Orania,"Orania, The Valley, Al Yufrah 1",Villa,3,1873.0,135000.0,12,135000.0,72.07688200747464,8.6,New,2026-08-07,2027-08-06,1600000.0,"The Valley (All Phases), Al Yufrah 1-4.pdf",13,12e584669995ea1e187110ef8baeb240499806d8
Orania,"Orania, The Valley, Al Yufrah 1",Villa,3,1873.0,122000.0,12,122000.0,65.13614522156968,7.9,New,2026-08-06,2027-08-05,1500000.0,"The Valley (All Phases), Al Yufrah 1-4.pdf",7,828133edf60c9ddf02a7a46719a0cf16c0732b02
Orania,"Orania, The Valley, Al Yufrah 1",Villa,3,1873.0,130000.0,12,130000.0,69.40736785904966,6.3,New,2026-08-06,2027-08-05,2100000.0,"The Valley (All Phases), Al Yufrah 1-4.pdf",6,d98f674df4c34722421ac574f688b917f131ab81
Eden,"Eden, The Valley, Al Yufrah 1",Villa,4,2803.0,150000.0,12,150000.0,53.51409204423832,4.5,New,2026-08-06,2027-08-05,3400000.0,"The Valley (All Phases), Al Yufrah 1-4.pdf",13,3e6bd305354f6e67f9317ce07ab1fe84301d10d1
Orania,"Orania, The Valley, Al Yufrah 1",Villa,4,2870.0,170000.0,12,170000.0,59.23344947735192,5.5,New,2026-08-05,2027-08-04,3100000.0,"The Valley (All Phases), Al Yufrah 1-4.pdf",8,d4b06f44ec4f902e54af7f89bb9b1a365b3a186c
Talia,"Talia, The Valley, Al Yufrah 1",Villa,4,2772.0,187500.0,12,187500.0,67.64069264069263,9.2,New,2026-08-05,2027-08-04,2000000.0,"The Valley (All Phases), Al Yufrah 1-4.pdf",13,442e5ff838f92554dc0c5740322fa1f558f09415
Eden,"Eden, The Valley, Al Yufrah 1",Villa,3,1873.0,125000.0,12,125000.0,66.73785371062466,10.3,New,2026-08-05,2027-08-04,1200000.0,"The Valley (All Phases), Al Yufrah 1-4.pdf",8,d2817698ff4e50b88c763516a6401370d7f0aad3
Elora,"Elora, The Valley, Al Yufrah 1",Villa,3,1484.0,145000.0,12,145000.0,97.7088948787062,8.7,New,2026-08-05,2027-08-04,1700000.0,"The Valley (All Phases), Al Yufrah 1-4.pdf",8,1fd194dd5cafbe0c06162e9636da8152053a36bb
Eden,"Eden, The Valley, Al Yufrah 1",Villa,3,1873.0,125000.0,12,125000.0,66.73785371062466,10.7,New,2026-08-05,2027-08-04,1200000.0,"The Valley (All Phases), Al Yufrah 1-4.pdf",8,ad52e098667f320a38fc1ea4648ca42afd48ecab
Nara,"Nara, The Valley, Al Yufrah 1",Villa,4,2772.0,180000.0,12,180000.0,64.93506493506493,10.5,New,2026-08-03,2027-08-02,1700000.0,"The Valley (All Phases), Al Yufrah 1-4.pdf",9,abbb136aaa80f9f9c106b4244aba3f36208c5eca
Nara,"Nara, The Valley, Al Yufrah 1",Villa,3,1873.0,133000.0,12,133000.0,71.00907634810464,5.0,Renewed,2026-08-02,2027-08-01,2700000.0,"The Valley (All Phases), Al Yufrah 1-4.pdf",10,a4b90f554da38598ba5ad260ec5485dc7a165217
Elora,"Elora, The Valley, Al Yufrah 1",Villa,4,2488.0,172500.0,12,172500.0,69.33279742765274,8.3,New,2026-08-01,2027-07-31,2100000.0,"The Valley (All Phases), Al Yufrah 1-4.pdf",12,0e0c27eccaaa2839d694755a5e3fb1d1b6272189
Elora,"Elora, The Valley, Al Yufrah 1",Villa,4,2713.0,80000.0,12,80000.0,29.48765204570586,2.5,New,2026-08-01,2027-07-31,3300000.0,"The Valley (All Phases), Al Yufrah 1-4.pdf",5,83ded877a810d29abd695104704695d8b6d60ac7
Eden,"Eden, The Valley, Al Yufrah 1",Villa,3,1873.0,135000.0,12,135000.0,72.07688200747464,11.4,Renewed,2026-08-01,2027-07-31,1200000.0,"The Valley (All Phases), Al Yufrah 1-4.pdf",5,5ad8f8afc356b0abd115f222311a2abb46d66d37
Eden,"Eden, The Valley, Al Yufrah 1",Villa,3,1873.0,110000.0,12,110000.0,58.72931126534971,9.2,New,2026-08-01,2027-07-31,1200000.0,"The Valley (All Phases), Al Yufrah 1-4.pdf",9,03d1bfa9a3cbb7bd3c62989868c546319dc0c92e
Talia,"Talia, The Valley, Al Yufrah 1",Villa,3,1873.0,130000.0,12,130000.0,69.40736785904966,5.3,Renewed,2026-08-01,2027-07-31,2500000.0,"The Valley (All Phases), Al Yufrah 1-4.pdf",18,de601d11cc9cd3954f1003865828b9d0d8c43bd6
Elora,"Elora, The Valley, Al Yufrah 1",Villa,4,2487.0,200000.0,12,200000.0,80.41817450743868,9.4,New,2026-08-01,2027-07-31,2100000.0,"The Valley (All Phases), Al Yufrah 1-4.pdf",8,eb9dfb4fa97e08134701f169e9522838f6dc49f0
Orania,"Orania, The Valley, Al Yufrah 1",Villa,3,1873.0,115000.0,12,115000.0,61.398825413774695,4.3,New,2026-08-01,2027-07-31,2700000.0,"The Valley (All Phases), Al Yufrah 1-4.pdf",8,1786bf70c47cf255e42f9fca8e11079eb72aab23
Talia,"Talia, The Valley, Al Yufrah 1",Villa,4,2750.0,175000.0,12,175000.0,63.63636363636363,9.2,Renewed,2026-08-01,2027-07-31,1900000.0,"The Valley (All Phases), Al Yufrah 1-4.pdf",9,239a30c5961664d3c11eb43968d7fd33e26634fb
Eden,"Eden, The Valley, Al Yufrah 1",Villa,3,1873.0,130000.0,12,130000.0,69.40736785904966,5.0,Renewed,2026-08-01,2027-07-31,2600000.0,"The Valley (All Phases), Al Yufrah 1-4.pdf",8,810a62ddd5b699d169586b383bad272ad8cdd753
Eden,"Eden, The Valley, Al Yufrah 1",Villa,3,1873.0,120000.0,12,120000.0,64.06833956219968,9.9,Renewed,2026-08-01,2027-07-31,1200000.0,"The Valley (All Phases), Al Yufrah 1-4.pdf",9,e85d988bf36bb135e91f0879390cb2e961705076
Eden,"Eden, The Valley, Al Yufrah 1",Villa,3,1873.0,135000.0,12,135000.0,72.07688200747464,4.8,New,2026-08-01,2027-07-31,2800000.0,"The Valley (All Phases), Al Yufrah 1-4.pdf",9,e3204319321fa959a0b51f94da474798e9491d0d
Orania,"Orania, The Valley, Al Yufrah 1",Villa,3,1873.0,125000.0,12,125000.0,66.73785371062466,4.3,New,2026-08-01,2027-07-31,2900000.0,"The Valley (All Phases), Al Yufrah 1-4.pdf",9,2adef78fd348bf7184fa6c989f76d612096dff01
Orania,"Orania, The Valley, Al Yufrah 1",Villa,3,1881.0,120000.0,12,120000.0,63.79585326953748,7.8,New,2026-08-01,2027-07-31,1500000.0,"The Valley (All Phases), Al Yufrah 1-4.pdf",9,24521f5be938516399bab816cd80be7bc08b8125
Eden,"Eden, The Valley, Al Yufrah 1",Villa,3,1873.0,135000.0,12,135000.0,72.07688200747464,6.2,New,2026-08-01,2027-07-31,2200000.0,"The Valley (All Phases), Al Yufrah 1-4.pdf",17,2ce7c04f9f9f937d8936e5837bd8fb75be28451d
Talia,"Talia, The Valley, Al Yufrah 1",Villa,3,1873.0,120000.0,12,120000.0,64.06833956219968,7.7,Renewed,2026-08-01,2027-07-31,1600000.0,"The Valley (All Phases), Al Yufrah 1-4.pdf",3,b08cde09ac4c1cf8f55a075b0d3867445f21ba8f
Eden,"Eden, The Valley, Al Yufrah 1",Villa,3,1873.0,126000.0,12,126000.0,67.27175654030967,7.9,Renewed,2026-08-01,2027-07-31,1600000.0,"The Valley (All Phases), Al Yufrah 1-4.pdf",16,dce19f76de304ed37e76ad03bb12bcc70ee902f7
Talia,"Talia, The Valley, Al Yufrah 1",Villa,3,1873.0,125000.0,12,125000.0,66.73785371062466,8.6,Renewed,2026-08-01,2027-07-31,1400000.0,"The Valley (All Phases), Al Yufrah 1-4.pdf",14,ad95cfefff476c1b151926e1d658231c1affe927
Nara,"Nara, The Valley, Al Yufrah 1",Villa,3,1873.0,130000.0,12,130000.0,69.40736785904966,9.0,New,2026-08-01,2027-07-31,1400000.0,"The Valley (All Phases), Al Yufrah 1-4.pdf",11,3a2b9674d36946b17103b31abcf073fdea915b77
Nara,"Nara, The Valley, Al Yufrah 1",Villa,3,1873.0,130000.0,12,130000.0,69.40736785904966,9.0,Renewed,2026-08-01,2027-07-31,1400000.0,"The Valley (All Phases), Al Yufrah 1-4.pdf",3,97964a617c5f65389b3ee7a96dcf891b88acbc47
Talia,"Talia, The Valley, Al Yufrah 1",Villa,3,1873.0,130000.0,12,130000.0,69.40736785904966,8.5,New,2026-08-01,2027-07-31,1500000.0,"The Valley (All Phases), Al Yufrah 1-4.pdf",10,35582fd4b0ac779ac3476a71476b594e6622cf86
Nara,"Nara, The Valley, Al Yufrah 1",Villa,3,1873.0,125000.0,12,125000.0,66.73785371062466,8.7,New,2026-08-01,2027-07-31,1400000.0,"The Valley (All Phases), Al Yufrah 1-4.pdf",10,ca2d41b8ef3dd552cbde993db4c06c5ba62d70d9
Orania,"Orania, The Valley, Al Yufrah 1",Villa,3,1873.0,160000.0,12,160000.0,85.42445274959957,8.3,New,2026-08-01,2027-07-31,1900000.0,"The Valley (All Phases), Al Yufrah 1-4.pdf",10,ccf4d157027e5215574b9f11f20d21ca97ca9958
Eden,"Eden, The Valley, Al Yufrah 1",Villa,3,1873.0,130000.0,12,130000.0,69.40736785904966,8.7,Renewed,2026-08-01,2027-07-31,1500000.0,"The Valley (All Phases), Al Yufrah 1-4.pdf",3,178549c334b9b562b104810b2d83a1c4c93a0442
Elora,"Elora, The Valley, Al Yufrah 1",Villa,3,1483.0,130000.0,12,130000.0,87.66014834794336,7.8,New,2026-08-01,2027-07-31,1700000.0,"The Valley (All Phases), Al Yufrah 1-4.pdf",11,4767d4ff87ef60eb8dd57d06dea6ae16b2aa0fb8
Eden,"Eden, The Valley, Al Yufrah 1",Villa,4,2772.0,160000.0,12,160000.0,57.72005772005772,10.3,New,2026-08-01,2027-07-31,1600000.0,"The Valley (All Phases), Al Yufrah 1-4.pdf",11,14686ddc442cef06b0c20ade52b24713f148753b
Farm Gardens,"Farm Gardens, The Valley, Al Yufrah1",Villa,4,9116.0,390000.0,12,390000.0,42.78192189556823,6.8,New,2026-08-01,2027-07-31,5700000.0,"The Valley (All Phases), Al Yufrah 1-4.pdf",12,78afc816b1698ba6726ba73203ae0fdd75c83e69
Eden,"Eden, The Valley, Al Yufrah 1",Villa,4,2772.0,155000.0,12,155000.0,55.916305916305916,4.3,New,2026-08-01,2027-07-31,3600000.0,"The Valley (All Phases), Al Yufrah 1-4.pdf",11,34bffb0b8d82f41b52b8ff8029c755e5ea939178
Orania,"Orania, The Valley, Al Yufrah 1",Villa,4,2772.0,155000.0,12,155000.0,55.916305916305916,7.9,New,2026-08-01,2027-07-31,2000000.0,"The Valley (All Phases), Al Yufrah 1-4.pdf",12,6a34681a889d1c7bb99e4f53f6f76c806d768652
Eden,"Eden, The Valley, Al Yufrah 1",Villa,3,1873.0,126000.0,12,126000.0,67.27175654030967,10.8,Renewed,2026-08-01,2027-07-31,1200000.0,"The Valley (All Phases), Al Yufrah 1-4.pdf",3,60dedb56ac45200961a7f17e20f78a690391c922
Nara,"Nara, The Valley, Al Yufrah 1",Villa,4,2772.0,177500.0,12,177500.0,64.03318903318903,10.4,Renewed,2026-08-01,2027-07-31,1700000.0,"The Valley (All Phases), Al Yufrah 1-4.pdf",12,c43a34f173971ff26866a8b47e1bc86877a115ee
Talia,"Talia, The Valley, Al Yufrah 1",Villa,3,1873.0,140000.0,12,140000.0,74.74639615589963,9.2,Renewed,2026-08-01,2027-07-31,1500000.0,"The Valley (All Phases), Al Yufrah 1-4.pdf",3,e619b63c4b11c996bff621a6e9529350ba9f5744
Elora,"Elora, The Valley, Al Yufrah 1",Villa,3,1484.0,130000.0,12,130000.0,87.6010781671159,5.2,New,2026-08-01,2027-07-30,2500000.0,"The Valley (All Phases), Al Yufrah 1-4.pdf",10,84cb9fb40c3eb924c07526edd861e0af0965c8f2
Elora,"Elora, The Valley, Al Yufrah 1",Villa,3,1483.0,130000.0,12,130000.0,87.66014834794336,7.8,New,2026-07-30,2027-07-29,1700000.0,"The Valley (All Phases), Al Yufrah 1-4.pdf",12,2ee51d1506ed4af97f8d96928a81e2a52f690b33
Eden,"Eden, The Valley, Al Yufrah 1",Villa,3,1873.0,140000.0,12,140000.0,74.74639615589963,9.2,Renewed,2026-07-29,2027-07-28,1500000.0,"The Valley (All Phases), Al Yufrah 1-4.pdf",11,0296dee40752c746ed8efa144af9165e3fd6ada8
Talia,"Talia, The Valley, Al Yufrah 1",Villa,3,1873.0,140000.0,12,140000.0,74.74639615589963,4.6,New,2026-07-29,2027-07-28,3000000.0,"The Valley (All Phases), Al Yufrah 1-4.pdf",9,bbf192b8e4772a5ba3b4b2f52ec6edf6863b9c5c
Orania,"Orania, The Valley, Al Yufrah 1",Villa,4,3908.0,190000.0,13,175384.61538461538,44.878356034957875,6.4,New,2026-07-26,2027-07-26,3000000.0,"The Valley (All Phases), Al Yufrah 1-4.pdf",13,ad97723c0cc7cbbce180898cf0f857b250fc94b0
Nara,"Nara, The Valley, Al Yufrah 1",Villa,4,2772.0,170000.0,12,170000.0,61.32756132756133,9.0,New,2026-07-25,2027-07-24,1900000.0,"The Valley (All Phases), Al Yufrah 1-4.pdf",13,29f40427ae40bef2a71a089090e4ff3b19d4685c
Elora,"Elora, The Valley, Al Yufrah 1",Villa,3,1484.0,130000.0,12,130000.0,87.6010781671159,7.8,New,2026-07-25,2027-07-24,1700000.0,"The Valley (All Phases), Al Yufrah 1-4.pdf",11,fdbe01b29cc4008bb52137b5b6d3e84fd754ee10
Nara,"Nara, The Valley, Al Yufrah 1",Villa,3,1873.0,130000.0,12,130000.0,69.40736785904966,5.1,New,2026-07-25,2027-07-24,2600000.0,"The Valley (All Phases), Al Yufrah 1-4.pdf",4,bc04169c97c4367d20674e4afd26c28826bafae9
Nara,"Nara, The Valley, Al Yufrah 1",Villa,3,1873.0,130000.0,12,130000.0,69.40736785904966,6.6,New,2026-07-25,2027-07-24,2000000.0,"The Valley (All Phases), Al Yufrah 1-4.pdf",13,7ef15b51b01ff9f37d99e8d06b43f02e9ffb7380
Elora,"Elora, The Valley, Al Yufrah 1",Villa,3,1483.0,135000.0,12,135000.0,91.03169251517195,8.2,New,2026-07-25,2027-07-24,1600000.0,"The Valley (All Phases), Al Yufrah 1-4.pdf",11,7634bc3ed2c89334afd1e988d8c96cd32c7b06aa
Elora,"Elora, The Valley, Al Yufrah 1",Villa,3,1484.0,130000.0,12,130000.0,87.6010781671159,7.9,New,2026-07-25,2027-07-24,1700000.0,"The Valley (All Phases), Al Yufrah 1-4.pdf",11,8aa9eecdee2907b3affd95bc21dc102d635c9e45
Elora,"Elora, The Valley, Al Yufrah 1",Villa,3,1481.0,130000.0,12,130000.0,87.77852802160702,7.8,New,2026-07-25,2027-07-24,1700000.0,"The Valley (All Phases), Al Yufrah 1-4.pdf",14,dbe8e32cd43ebb965e9e5995bc548fe514f3f107
Eden,"Eden, The Valley, Al Yufrah 1",Villa,3,1873.0,120000.0,12,120000.0,64.06833956219968,10.3,New,2026-07-25,2027-07-24,1200000.0,"The Valley (All Phases), Al Yufrah 1-4.pdf",17,ab30eef31541dd648aaa85f303d25b3843cb188c
Nara,"Nara, The Valley, Al Yufrah 1",Villa,3,1873.0,120000.0,12,120000.0,64.06833956219968,8.3,New,2026-07-24,2027-07-23,1400000.0,"The Valley (All Phases), Al Yufrah 1-4.pdf",12,8b2b1c48b24e4d69186d6c1e3ecdf16cb7f13432
Eden,"Eden, The Valley, Al Yufrah 1",Villa,4,2772.0,175000.0,12,175000.0,63.13131313131313,5.2,New,2026-07-24,2027-07-23,3400000.0,"The Valley (All Phases), Al Yufrah 1-4.pdf",10,e379ca8448457cb01c2adaab9286d17788ae9a7f
Eden,"Eden, The Valley, Al Yufrah 1",Villa,3,1873.0,125000.0,12,125000.0,66.73785371062466,7.4,New,2026-07-23,2027-07-22,1700000.0,"The Valley (All Phases), Al Yufrah 1-4.pdf",11,536b0d213250f7d75415f450db6a51d1ca4102f3
Nara,"Nara, The Valley, Al Yufrah 1",Villa,4,2750.0,185000.0,12,185000.0,67.27272727272727,10.7,New,2026-07-22,2027-07-21,1700000.0,"The Valley (All Phases), Al Yufrah 1-4.pdf",8,845811fc8f6b327bcfb41614d673a425a29b4527
Talia,"Talia, The Valley, Al Yufrah 1",Villa,3,1873.0,130000.0,12,130000.0,69.40736785904966,8.6,Renewed,2026-07-22,2027-07-21,1500000.0,"The Valley (All Phases), Al Yufrah 1-4.pdf",4,a1970a59c6162bb666192ec7eaa8108d4cf03c2d
Eden,"Eden, The Valley, Al Yufrah 1",Villa,4,2767.0,200000.0,12,200000.0,72.28044813877845,4.8,New,2026-07-22,2027-07-21,4200000.0,"The Valley (All Phases), Al Yufrah 1-4.pdf",13,dde84cfc0a1bb8ac84af464a92661e42c1bf0000
Nara,"Nara, The Valley, Al Yufrah 1",Villa,4,2772.0,150000.0,12,150000.0,54.112554112554115,3.9,New,2026-07-21,2027-07-20,3800000.0,"The Valley (All Phases), Al Yufrah 1-4.pdf",14,3a9e60f8376828fa50841afbfca37538cc89ae56
Nara,"Nara, The Valley, Al Yufrah 1",Villa,3,1873.0,135000.0,12,135000.0,72.07688200747464,5.1,New,2026-07-21,2027-07-20,2700000.0,"The Valley (All Phases), Al Yufrah 1-4.pdf",2,53c5df3a1c5264215460ddb8cb88595d60467a04
Eden,"Eden, The Valley, Al Yufrah 1",Villa,3,1873.0,120000.0,12,120000.0,64.06833956219968,10.2,Renewed,2026-07-21,2027-07-20,1200000.0,"The Valley (All Phases), Al Yufrah 1-4.pdf",15,31a4d8c8ff532b964baa929bbc5d6a4fbc8ec55b
Talia,"Talia, The Valley, Al Yufrah 1",Villa,4,2750.0,165000.0,12,165000.0,60.0,4.8,New,2026-07-20,2027-07-19,3500000.0,"The Valley (All Phases), Al Yufrah 1-4.pdf",13,4816c6f8d74a21714d1ed5983d753ce51f7a4114
Eden,"Eden, The Valley, Al Yufrah 1",Villa,3,1873.0,105000.0,12,105000.0,56.05979711692472,9.0,Renewed,2026-07-20,2027-07-19,1200000.0,"The Valley (All Phases), Al Yufrah 1-4.pdf",13,a556a5eadf7a94b30557bc6a5c8a35d113b468bd
Eden,"Eden, The Valley, Al Yufrah 1",Villa,3,1873.0,130000.0,12,130000.0,69.40736785904966,11.1,New,2026-07-18,2027-07-17,1200000.0,"The Valley (All Phases), Al Yufrah 1-4.pdf",12,6c8036b724a5ed105529b95a4e1677345f1643ec
Orania,"Orania, The Valley, Al Yufrah 1",Villa,4,3570.0,165000.0,13,152307.6923076923,42.663219133807374,7.5,New,2026-07-18,2027-08-14,2200000.0,"The Valley (All Phases), Al Yufrah 1-4.pdf",12,2406424c49ebf794f838a1d44a835024e6d9d4db
Eden,"Eden, The Valley, Al Yufrah 1",Villa,3,1873.0,126000.0,12,126000.0,67.27175654030967,10.7,Renewed,2026-07-17,2027-07-16,1200000.0,"The Valley (All Phases), Al Yufrah 1-4.pdf",14,e830550b15255c409272e962be4f284ee18f28c1
Orania,"Orania, The Valley, Al Yufrah 1",Villa,3,1873.0,125000.0,12,125000.0,66.73785371062466,8.2,New,2026-07-17,2027-07-16,1500000.0,"The Valley (All Phases), Al Yufrah 1-4.pdf",14,a85bf790ff69d9836bc695efce871fa226b1c987
Eden,"Eden, The Valley, Al Yufrah 1",Villa,3,1873.0,126000.0,12,126000.0,67.27175654030967,10.7,Renewed,2026-07-15,2027-07-14,1200000.0,"The Valley (All Phases), Al Yufrah 1-4.pdf",4,e0c28979e965e2f14c20c74bcbd3e14b4515f28b
Eden,"Eden, The Valley, Al Yufrah 1",Villa,4,2803.0,150000.0,12,150000.0,53.51409204423832,7.8,Renewed,2026-07-15,2027-07-14,1900000.0,"The Valley (All Phases), Al Yufrah 1-4.pdf",10,1c1ebc2db99af7875d51380391767436bbcf67e4
Talia,"Talia, The Valley, Al Yufrah 1",Villa,3,1873.0,120000.0,12,120000.0,64.06833956219968,8.0,New,2026-07-15,2027-07-14,1500000.0,"The Valley (All Phases), Al Yufrah 1-4.pdf",13,6fa494b9a0f625d72313d41fd7e19c9658fe1865
Orania,"Orania, The Valley, Al Yufrah 1",Villa,3,1873.0,130000.0,12,130000.0,69.40736785904966,8.3,New,2026-07-15,2027-07-14,1600000.0,"The Valley (All Phases), Al Yufrah 1-4.pdf",18,dfeb1a546340b0e942a04fc2d76ac247c358309e
Nara,"Nara, The Valley, Al Yufrah 1",Villa,3,1873.0,120000.0,12,120000.0,64.06833956219968,8.8,New,2026-07-15,2027-07-14,1400000.0,"The Valley (All Phases), Al Yufrah 1-4.pdf",12,e0c735f41bd2b3c023abac619bc877b0c072731a
Orania,"Orania, The Valley, Al Yufrah 1",Villa,3,1873.0,160000.0,12,160000.0,85.42445274959957,10.4,New,2026-07-15,2027-07-14,1500000.0,"The Valley (All Phases), Al Yufrah 1-4.pdf",12,365dac4e21602996b0c9ecc044fccf2732491c59
Talia,"Talia, The Valley, Al Yufrah 1",Villa,4,2772.0,165000.0,13,152307.6923076923,54.94505494505495,6.3,New,2026-07-15,2027-08-14,2600000.0,"The Valley (All Phases), Al Yufrah 1-4.pdf",11,9040a444760dee16ff23fab367dab50981871b64
Orania,"Orania, The Valley, Al Yufrah 1",Villa,4,2673.0,160000.0,12,160000.0,59.85783763561541,7.9,New,2026-07-15,2027-07-14,2000000.0,"The Valley (All Phases), Al Yufrah 1-4.pdf",19,fa90bd00c609f3e59c6c8b2cf98940ec6b62424b
Orania,"Orania, The Valley, Al Yufrah 1",Villa,4,2788.0,160000.0,12,160000.0,57.38880918220947,7.8,New,2026-07-15,2027-07-14,2100000.0,"The Valley (All Phases), Al Yufrah 1-4.pdf",11,1a7d08769889202afccecd9698b2c3c0963a56e0
Orania,"Orania, The Valley, Al Yufrah 1",Villa,3,1873.0,140000.0,14,120000.0,64.06833956219968,8.0,New,2026-07-15,2027-08-19,1800000.0,"The Valley (All Phases), Al Yufrah 1-4.pdf",13,ed6f46e6a2ba1a1627d487acdcba8f42f3d40d89
Eden,"Eden, The Valley, Al Yufrah 1",Villa,4,2803.0,165000.0,12,165000.0,58.86550124866215,11.1,Renewed,2026-07-15,2027-07-14,1500000.0,"The Valley (All Phases), Al Yufrah 1-4.pdf",14,7c21f92cb4d0313f6eb25071eb1c6886bb6a7bda
Orania,"Orania, The Valley, Al Yufrah 1",Villa,4,3759.0,160000.0,12,160000.0,42.56451183825485,3.9,New,2026-07-15,2027-07-14,4099999.9999999995,"The Valley (All Phases), Al Yufrah 1-4.pdf",13,670d538be1d1b3bca71b4bebe4aceabbdf4c2cca
Orania,"Orania, The Valley, Al Yufrah 1",Villa,3,1873.0,135000.0,12,135000.0,72.07688200747464,8.7,New,2026-07-15,2027-07-14,1600000.0,"The Valley (All Phases), Al Yufrah 1-4.pdf",15,2e690f284f1c934c95fc39b5ad31c161ec827aca
Talia,"Talia, The Valley, Al Yufrah 1",Villa,3,1873.0,130000.0,12,130000.0,69.40736785904966,7.9,New,2026-07-15,2027-07-14,1700000.0,"The Valley (All Phases), Al Yufrah 1-4.pdf",17,0e52fbf081a9cef296b1113f9fae1ea01f52d4ef
Nara,"Nara, The Valley, Al Yufrah 1",Villa,3,1904.0,110000.0,12,110000.0,57.773109243697476,4.0,New,2026-07-15,2027-07-14,2800000.0,"The Valley (All Phases), Al Yufrah 1-4.pdf",15,2f235b982d152c65285640f6b0816df9b39da8cd
Nara,"Nara, The Valley, Al Yufrah 1",Villa,4,2772.0,170000.0,12,170000.0,61.32756132756133,10.0,New,2026-07-15,2027-07-14,1700000.0,"The Valley (All Phases), Al Yufrah 1-4.pdf",14,5746a36b646e156471a7ad8e6d8ae71d2cbb3183
Talia,"Talia, The Valley, Al Yufrah 1",Villa,3,1874.0,135000.0,12,135000.0,72.0384204909285,8.9,Renewed,2026-07-15,2027-07-14,1500000.0,"The Valley (All Phases), Al Yufrah 1-4.pdf",14,2496efbaad7d663c4de253160e15aa7171c55cac
Orania,"Orania, The Valley, Al Yufrah 1",Villa,3,1873.0,125000.0,12,125000.0,66.73785371062466,8.0,New,2026-07-15,2027-07-14,1600000.0,"The Valley (All Phases), Al Yufrah 1-4.pdf",15,99f8b5b750b545fac66979d1c6ed26505037abbe
Orania,"Orania, The Valley, Al Yufrah 1",Villa,3,1873.0,120000.0,12,120000.0,64.06833956219968,7.6,New,2026-07-15,2027-07-14,1600000.0,"The Valley (All Phases), Al Yufrah 1-4.pdf",14,b67b64e716679a95e8f37cec3ec1e6eabde85470
Nara,"Nara, The Valley, Al Yufrah 1",Villa,3,1873.0,120000.0,12,120000.0,64.06833956219968,8.5,New,2026-07-14,2027-07-13,1400000.0,"The Valley (All Phases), Al Yufrah 1-4.pdf",15,c7f9ed20608b6642c52791c8f94993dd058e54bd
Talia,"Talia, The Valley, Al Yufrah 1",Villa,3,1873.0,140000.0,12,140000.0,74.74639615589963,8.0,New,2026-07-12,2027-07-11,1800000.0,"The Valley (All Phases), Al Yufrah 1-4.pdf",15,660f58f2f3fec7a372b6c444c81e816dfe3ffa15
Eden,"Eden, The Valley, Al Yufrah 1",Villa,3,1873.0,130000.0,12,130000.0,69.40736785904966,8.2,New,2026-07-12,2027-07-11,1600000.0,"The Valley (All Phases), Al Yufrah 1-4.pdf",15,d25eaedb426365b1cbbeb1d686e9f8bc45276427
Nara,"Nara, The Valley, Al Yufrah 1",Villa,3,1904.0,135000.0,12,135000.0,70.90336134453781,6.8,Renewed,2026-07-12,2027-07-11,2000000.0,"The Valley (All Phases), Al Yufrah 1-4.pdf",4,e79bbd30235ea6dae1db6558323600d3287a544e
Nara,"Nara, The Valley, Al Yufrah 1",Villa,3,1904.0,135000.0,12,135000.0,70.90336134453781,6.8,Renewed,2026-07-12,2027-07-11,2000000.0,"The Valley (All Phases), Al Yufrah 1-4.pdf",5,42588f3e0b29b21f4a1ac5cbe2c4bfadf18f8c7d
Nara,"Nara, The Valley, Al Yufrah 1",Villa,3,1873.0,120000.0,12,120000.0,64.06833956219968,8.3,New,2026-07-11,2027-07-10,1400000.0,"The Valley (All Phases), Al Yufrah 1-4.pdf",16,16648cc8d3b095bf331f601a7adf9592cf898f18
Elora,"Elora, The Valley, Al Yufrah 1",Villa,3,1483.0,130000.0,12,130000.0,87.66014834794336,7.4,New,2026-07-11,2027-07-10,1700000.0,"The Valley (All Phases), Al Yufrah 1-4.pdf",15,dfe99b3bf310ade1776a7cc28adbceddd3e8839a
Talia,"Talia, The Valley, Al Yufrah 1",Villa,3,1873.0,23333.34,2,140000.04,74.74641751201281,1.3,Renewed,2026-07-11,2026-09-10,1800000.0,"The Valley (All Phases), Al Yufrah 1-4.pdf",16,eda2b46ce26238ec852b2473cc6e8c6ec285442f
Farm Gardens,"Farm Gardens, The Valley, Al Yufrah1",Villa,4,9555.0,370000.0,12,370000.0,38.723181580324436,6.3,New,2026-07-10,2027-07-09,5900000.0,"The Valley (All Phases), Al Yufrah 1-4.pdf",15,8aefe20e21c7b242ce30070ebe1e39097a5e29c9
Elora,"Elora, The Valley, Al Yufrah 1",Villa,3,1483.0,127000.0,12,127000.0,85.6372218476062,7.3,New,2026-07-10,2027-07-09,1700000.0,"The Valley (All Phases), Al Yufrah 1-4.pdf",17,61620ccb7e57680560f779efe5cd01e1f19fddb8
Nara,"Nara, The Valley, Al Yufrah 1",Villa,3,1873.0,135000.0,12,135000.0,72.07688200747464,10.0,Renewed,2026-07-10,2027-07-09,1300000.0,"The Valley (All Phases), Al Yufrah 1-4.pdf",14,6e5faf5d8bee93c9c6b6087a93dcc4ff8519ccf4
Eden,"Eden, The Valley, Al Yufrah 1",Villa,3,1898.0,130000.0,12,130000.0,68.4931506849315,7.4,Renewed,2026-07-10,2027-07-09,1800000.0,"The Valley (All Phases), Al Yufrah 1-4.pdf",12,943b8627de2600be88fd2f570916f88d509dc7f0
Nara,"Nara, The Valley, Al Yufrah 1",Villa,3,1873.0,130000.0,12,130000.0,69.40736785904966,9.0,Renewed,2026-07-10,2027-07-09,1400000.0,"The Valley (All Phases), Al Yufrah 1-4.pdf",15,ab9b166ed66827f3b108ad8f3fc200b579676191
Eden,"Eden, The Valley, Al Yufrah 1",Villa,3,1873.0,126000.0,12,126000.0,67.27175654030967,5.5,Renewed,2026-07-10,2027-07-09,2300000.0,"The Valley (All Phases), Al Yufrah 1-4.pdf",20,3a1d61b73da46c68afa3e7be9e3093c0b986a5c4
Eden,"Eden, The Valley, Al Yufrah 1",Villa,3,1873.0,125000.0,12,125000.0,66.73785371062466,10.7,Renewed,2026-07-10,2027-07-09,1200000.0,"The Valley (All Phases), Al Yufrah 1-4.pdf",10,328bf255ff384d76605915d1e50887bf6326a109
Eden,"Eden, The Valley, Al Yufrah 1",Villa,3,1873.0,132000.0,12,132000.0,70.47517351841965,7.4,Renewed,2026-07-10,2027-07-09,1800000.0,"The Valley (All Phases), Al Yufrah 1-4.pdf",8,133113bc6025cb69d47e20526f66a1daae4101b0
Nara,"Nara, The Valley, Al Yufrah 1",Villa,4,2771.0,175000.0,13,161538.46153846153,58.29608861005468,9.7,New,2026-07-08,2027-07-08,1800000.0,"The Valley (All Phases), Al Yufrah 1-4.pdf",15,ba6d26c1637bfacdcda454a6394f5177235ed1c6
Nara,"Nara, The Valley, Al Yufrah 1",Villa,4,2750.0,160000.0,12,160000.0,58.18181818181818,7.6,New,2026-07-07,2027-07-06,2100000.0,"The Valley (All Phases), Al Yufrah 1-4.pdf",16,5de891381621530a01a3b95ec2086fe4f43be193
Orania,"Orania, The Valley, Al Yufrah 1",Villa,3,1873.0,140000.0,12,140000.0,74.74639615589963,8.2,New,2026-07-07,2027-07-06,1700000.0,"The Valley (All Phases), Al Yufrah 1-4.pdf",15,5fd75bd520849f217ecf240014e46b79c0ae30b9
Orania,"Orania, The Valley, Al Yufrah 1",Villa,3,1873.0,140000.0,13,129230.76923076923,68.99667337467658,8.2,New,2026-07-07,2027-07-16,1700000.0,"The Valley (All Phases), Al Yufrah 1-4.pdf",15,4f910554c9020b3b6715556e969355df0ce4f98e
Talia,"Talia, The Valley, Al Yufrah 1",Villa,3,1873.0,130000.0,12,130000.0,69.40736785904966,8.4,New,2026-07-06,2027-07-05,1500000.0,"The Valley (All Phases), Al Yufrah 1-4.pdf",16,dc3a48744c18dac852bbd2bbccc056c6c1703e23
Talia,"Talia, The Valley, Al Yufrah 1",Villa,3,1873.0,150000.0,12,150000.0,80.0854244527496,9.9,New,2026-07-06,2027-07-05,1500000.0,"The Valley (All Phases), Al Yufrah 1-4.pdf",14,f64bb12d65d2ac68a26e00b7a694e7cad9f778ec
Orania,"Orania, The Valley, Al Yufrah 1",Villa,3,1904.0,125000.0,12,125000.0,65.65126050420169,7.8,New,2026-07-05,2027-07-04,1600000.0,"The Valley (All Phases), Al Yufrah 1-4.pdf",16,9d978bc6d4683631f1b1ffc8f6641f1c77bf47ac
Elora,"Elora, The Valley, Al Yufrah 1",Villa,3,1482.0,130000.0,12,130000.0,87.71929824561404,7.8,New,2026-07-04,2027-07-03,1700000.0,"The Valley (All Phases), Al Yufrah 1-4.pdf",14,c875a83c7e26bd51c1c8aeaa43b24e489b1e6ca6
Eden,"Eden, The Valley, Al Yufrah 1",Villa,4,2772.0,150000.0,12,150000.0,54.112554112554115,9.6,New,2026-07-03,2027-07-02,1600000.0,"The Valley (All Phases), Al Yufrah 1-4.pdf",17,57509bc5eb6a0ced51925226d2f4f600491907f6
Eden,"Eden, The Valley, Al Yufrah 1",Villa,3,1873.0,136500.0,12,136500.0,72.87773625200214,10.6,Renewed,2026-07-03,2027-07-02,1300000.0,"The Valley (All Phases), Al Yufrah 1-4.pdf",33,c124d998f82133326765c0fdfa2cf40d42ea8325
Talia,"Talia, The Valley, Al Yufrah 1",Villa,4,2772.0,170000.0,12,170000.0,61.32756132756133,4.9,New,2026-07-02,2027-07-01,3500000.0,"The Valley (All Phases), Al Yufrah 1-4.pdf",19,00d7a7359581ccfb449c5ebc83ace0c3614167c6
Orania,"Orania, The Valley, Al Yufrah 1",Villa,3,1904.0,125000.0,12,125000.0,65.65126050420169,7.7,New,2026-07-01,2027-06-30,1600000.0,"The Valley (All Phases), Al Yufrah 1-4.pdf",18,7131ca7d6f2a48373effcacf3dcccffadbc01e93
Eden,"Eden, The Valley, Al Yufrah 1",Villa,3,1873.0,130000.0,12,130000.0,69.40736785904966,10.6,New,2026-07-01,2027-06-30,1200000.0,"The Valley (All Phases), Al Yufrah 1-4.pdf",13,b93d0da0b0f7b7d3b0682e49611f0f7141a19c3a
Talia,"Talia, The Valley, Al Yufrah 1",Villa,3,1873.0,128000.0,12,128000.0,68.33956219967966,4.6,Renewed,2026-07-01,2027-06-30,2800000.0,"The Valley (All Phases), Al Yufrah 1-4.pdf",17,9345d7445f22961d3d51d3529c0118e61eb3a199
Nara,"Nara, The Valley, Al Yufrah 1",Villa,4,2772.0,165000.0,12,165000.0,59.523809523809526,7.5,New,2026-07-01,2027-06-30,2200000.0,"The Valley (All Phases), Al Yufrah 1-4.pdf",16,db479d22353e64c821dfd0f157987747b468161b
Eden,"Eden, The Valley, Al Yufrah 1",Villa,3,1873.0,123000.0,12,123000.0,65.67004805125467,9.9,Renewed,2026-07-01,2027-06-30,1200000.0,"The Valley (All Phases), Al Yufrah 1-4.pdf",17,2bd96a93f77448b71cd45bf13b8381dd61a84669
Elora,"Elora, The Valley, Al Yufrah 1",Villa,3,1483.0,130000.0,12,130000.0,87.66014834794336,5.8,New,2026-07-01,2027-06-30,2300000.0,"The Valley (All Phases), Al Yufrah 1-4.pdf",18,28c12be1d569a452fc4dafec516da901e272ae73
Orania,"Orania, The Valley, Al Yufrah 1",Villa,3,1904.0,125000.0,12,125000.0,65.65126050420169,7.8,New,2026-07-01,2027-06-30,1600000.0,"The Valley (All Phases), Al Yufrah 1-4.pdf",22,dac5dcac4404bcb37b716351615478d7c3dd7d43
Orania,"Orania, The Valley, Al Yufrah 1",Villa,3,1910.0,125000.0,12,125000.0,65.44502617801047,5.1,New,2026-07-01,2027-06-30,2500000.0,"The Valley (All Phases), Al Yufrah 1-4.pdf",18,b6a8f4547a365b18f39abe88d2ad2d4f4b039127
Orania,"Orania, The Valley, Al Yufrah 1",Villa,3,1873.0,132500.0,12,132500.0,70.74212493326215,8.5,New,2026-07-01,2027-06-30,1600000.0,"The Valley (All Phases), Al Yufrah 1-4.pdf",16,28362d3863355be9bd22ae8406d22339c6333566
Eden,"Eden, The Valley, Al Yufrah 1",Villa,4,2798.0,165000.0,12,165000.0,58.97069335239457,10.3,New,2026-07-01,2027-06-30,1600000.0,"The Valley (All Phases), Al Yufrah 1-4.pdf",17,73934e96ca5c0a67c1f732b6152aac414d3d4504
Eden,"Eden, The Valley, Al Yufrah 1",Villa,3,1873.0,120000.0,12,120000.0,64.06833956219968,10.2,Renewed,2026-07-01,2027-06-30,1200000.0,"The Valley (All Phases), Al Yufrah 1-4.pdf",6,9aad1b27df712eb12369c97e5d979a79894fd826
Orania,"Orania, The Valley, Al Yufrah 1",Villa,4,2772.0,175000.0,12,175000.0,63.13131313131313,8.1,New,2026-07-01,2027-06-30,2200000.0,"The Valley (All Phases), Al Yufrah 1-4.pdf",16,e67b743672c32a84de26025f48c0fdce5d60bb7f
Eden,"Eden, The Valley, Al Yufrah 1",Villa,4,2772.0,170000.0,12,170000.0,61.32756132756133,10.8,Renewed,2026-07-01,2027-06-30,1600000.0,"The Valley (All Phases), Al Yufrah 1-4.pdf",11,c6a0c5ddf6bfc47a8e6b7e6f92b73a80cb6c2097
Nara,"Nara, The Valley, Al Yufrah 1",Villa,3,1904.0,135000.0,12,135000.0,70.90336134453781,5.0,Renewed,2026-07-01,2027-06-30,2700000.0,"The Valley (All Phases), Al Yufrah 1-4.pdf",16,fc8285285a59297d6fba32d0494232a3c5c697e2
Orania,"Orania, The Valley, Al Yufrah 1",Villa,3,1873.0,120000.0,12,120000.0,64.06833956219968,4.6,New,2026-07-01,2027-06-30,2600000.0,"The Valley (All Phases), Al Yufrah 1-4.pdf",22,bb6ec414f5693a25b2147663b3f7479027046ab1
Eden,"Eden, The Valley, Al Yufrah 1",Villa,3,1873.0,130000.0,12,130000.0,69.40736785904966,10.1,New,2026-07-01,2027-06-30,1300000.0,"The Valley (All Phases), Al Yufrah 1-4.pdf",20,09be1874cc59cff6a3c5837470cee75e0c9102c9
Talia,"Talia, The Valley, Al Yufrah 1",Villa,4,2780.0,140000.0,12,140000.0,50.35971223021583,7.6,New,2026-07-01,2027-06-30,1900000.0,"The Valley (All Phases), Al Yufrah 1-4.pdf",21,2dd6c5854cc21c598caa8a5eedd31dba944cb1dd
Nara,"Nara, The Valley, Al Yufrah 1",Villa,3,1873.0,130000.0,12,130000.0,69.40736785904966,9.6,New,2026-07-01,2027-06-30,1400000.0,"The Valley (All Phases), Al Yufrah 1-4.pdf",22,ec1901394a910b01b8db221bba03cfe8d048b62a
Elora,"Elora, The Valley, Al Yufrah 1",Villa,3,1483.0,130000.0,12,130000.0,87.66014834794336,7.4,New,2026-07-01,2027-06-30,1700000.0,"The Valley (All Phases), Al Yufrah 1-4.pdf",19,8dffb33fc57c3a6264b369f710cfc26d410fd854
Eden,"Eden, The Valley, Al Yufrah 1",Villa,3,1873.0,140000.0,12,140000.0,74.74639615589963,10.6,New,2026-07-01,2027-06-30,1300000.0,"The Valley (All Phases), Al Yufrah 1-4.pdf",18,0d3baae5e04b3d092652d8f7173adf62fe824f97
Orania,"Orania, The Valley, Al Yufrah 1",Villa,4,2870.0,170000.0,12,170000.0,59.23344947735192,5.5,New,2026-07-01,2027-06-30,3100000.0,"The Valley (All Phases), Al Yufrah 1-4.pdf",18,62a993e5f9844b5b8c27cff126e8afcc55270993
Elora,"Elora, The Valley, Al Yufrah 1",Villa,3,1483.0,130000.0,12,130000.0,87.66014834794336,7.8,New,2026-07-01,2027-06-30,1700000.0,"The Valley (All Phases), Al Yufrah 1-4.pdf",18,0254a255384e922f9f84ec1ba6b87124a2381aba
Nara,"Nara, The Valley, Al Yufrah 1",Villa,4,2750.0,150000.0,12,150000.0,54.54545454545455,8.5,New,2026-07-01,2027-06-30,1800000.0,"The Valley (All Phases), Al Yufrah 1-4.pdf",19,f451c60cc95aa1e337060a7ce9469e60619a6097
Orania,"Orania, The Valley, Al Yufrah 1",Villa,3,1873.0,130000.0,12,130000.0,69.40736785904966,7.8,New,2026-07-01,2027-06-30,1700000.0,"The Valley (All Phases), Al Yufrah 1-4.pdf",21,1142fb26f77c47a207a35bcf723b62427bf62e16
Talia,"Talia, The Valley, Al Yufrah 1",Villa,3,1874.0,126000.0,12,126000.0,67.2358591248666,8.3,Renewed,2026-07-01,2027-06-30,1500000.0,"The Valley (All Phases), Al Yufrah 1-4.pdf",19,d9f841b34a8bb0291c1bbd1cfd6d4ebcefc6de8f
Nara,"Nara, The Valley, Al Yufrah 1",Villa,3,1873.0,137500.0,12,137500.0,73.41163908168713,9.5,Renewed,2026-07-01,2027-06-30,1400000.0,"The Valley (All Phases), Al Yufrah 1-4.pdf",19,12038358242a68775c5767aabb757dcedb5cca5d
Elora,"Elora, The Valley, Al Yufrah 1",Villa,3,1483.0,130000.0,12,130000.0,87.66014834794336,5.5,New,2026-07-01,2027-06-30,2400000.0,"The Valley (All Phases), Al Yufrah 1-4.pdf",19,320f7248340072123dbd72673db10054137cf419
Orania,"Orania, The Valley, Al Yufrah 1",Villa,4,3006.0,168000.0,12,168000.0,55.88822355289421,8.2,New,2026-07-01,2027-06-30,2100000.0,"The Valley (All Phases), Al Yufrah 1-4.pdf",20,81214a748eb0bc05706486b6031fa791e99e398b
Talia,"Talia, The Valley, Al Yufrah 1",Villa,4,2771.0,155000.0,12,155000.0,55.93648502345724,7.3,New,2026-07-01,2027-06-30,2100000.0,"The Valley (All Phases), Al Yufrah 1-4.pdf",20,2e8b4979f738a2ae56410a8a9804c74dd726467b
Nara,"Nara, The Valley, Al Yufrah 1",Villa,3,1873.0,130000.0,12,130000.0,69.40736785904966,7.6,Renewed,2026-07-01,2027-06-30,1700000.0,"The Valley (All Phases), Al Yufrah 1-4.pdf",19,891ad802fd8712dff9190c71a4a323066fd6babf
Eden,"Eden, The Valley, Al Yufrah 1",Villa,3,1873.0,120000.0,12,120000.0,64.06833956219968,10.2,Renewed,2026-06-30,2027-06-29,1200000.0,"The Valley (All Phases), Al Yufrah 1-4.pdf",17,72e759902cf601354e775164ff01dd713a117097
Eden,"Eden, The Valley, Al Yufrah 1",Villa,4,2772.0,150000.0,12,150000.0,54.112554112554115,7.8,New,2026-06-30,2027-06-29,1900000.0,"The Valley (All Phases), Al Yufrah 1-4.pdf",17,61c26f5a3e61717a8d0d93e25d2f2c8001684a17
Elora,"Elora, The Valley, Al Yufrah 1",Villa,3,1481.0,130000.0,12,130000.0,87.77852802160702,7.8,New,2026-06-30,2027-06-29,1700000.0,"The Valley (All Phases), Al Yufrah 1-4.pdf",18,343474299d3cb3408818bc6604cb8e41033a35aa
Orania,"Orania, The Valley, Al Yufrah 1",Villa,3,1873.0,115000.0,12,115000.0,61.398825413774695,4.9,New,2026-06-29,2027-06-28,2400000.0,"The Valley (All Phases), Al Yufrah 1-4.pdf",20,f4312b1ef1238150e65ea4414f7964f3a002e85b
Talia,"Talia, The Valley, Al Yufrah 1",Villa,4,2750.0,170000.0,12,170000.0,61.81818181818182,4.4,New,2026-06-29,2027-06-28,3900000.0,"The Valley (All Phases), Al Yufrah 1-4.pdf",16,27238be7cf5786c84a624c732fc60b0830f03581
Eden,"Eden, The Valley, Al Yufrah 1",Villa,3,1873.0,140000.0,12,140000.0,74.74639615589963,11.4,Renewed,2026-06-29,2027-06-28,1200000.0,"The Valley (All Phases), Al Yufrah 1-4.pdf",16,3b25e1013dd3c7b69eadecf04eec3f9eb2aba75c
Eden,"Eden, The Valley, Al Yufrah 1",Villa,3,1910.0,140000.0,12,140000.0,73.29842931937172,7.6,New,2026-06-29,2027-06-28,1900000.0,"The Valley (All Phases), Al Yufrah 1-4.pdf",17,aa5e4008cc40454fe98b41c977787a6839ff7ce3
Talia,"Talia, The Valley, Al Yufrah 1",Villa,3,1873.0,130000.0,12,130000.0,69.40736785904966,8.6,New,2026-06-28,2027-06-27,1500000.0,"The Valley (All Phases), Al Yufrah 1-4.pdf",20,2ed7a55a7e68101ac065fd0b40913cdeb3bbdd04
Nara,"Nara, The Valley, Al Yufrah 1",Villa,4,2751.0,155000.0,12,155000.0,56.343147946201384,7.0,Renewed,2026-06-28,2027-06-27,2200000.0,"The Valley (All Phases), Al Yufrah 1-4.pdf",20,a080b37f56fd82ff91323a4609eb4d464bb32160
Talia,"Talia, The Valley, Al Yufrah 1",Villa,4,2771.0,155000.0,12,155000.0,55.93648502345724,8.2,New,2026-06-28,2027-06-27,1900000.0,"The Valley (All Phases), Al Yufrah 1-4.pdf",18,afe0ba495774a07d859f38226eb70672b5b54031
Eden,"Eden, The Valley, Al Yufrah 1",Villa,3,1910.0,130000.0,12,130000.0,68.06282722513089,8.0,New,2026-06-27,2027-06-26,1600000.0,"The Valley (All Phases), Al Yufrah 1-4.pdf",22,e176b1d88de4df0472b9ae806d0bf8a12e6790d2
Orania,"Orania, The Valley, Al Yufrah 1",Villa,3,1873.0,125000.0,12,125000.0,66.73785371062466,7.9,New,2026-06-26,2027-06-25,1600000.0,"The Valley (All Phases), Al Yufrah 1-4.pdf",19,0ba4663235bacb991c620134b3d9e346b6a12bb5
Nara,"Nara, The Valley, Al Yufrah 1",Villa,4,2772.0,200000.0,12,200000.0,72.15007215007215,11.7,New,2026-06-26,2027-06-25,1700000.0,"The Valley (All Phases), Al Yufrah 1-4.pdf",17,5977780f423cc99e42eb1094414a3e6413828091
Elora,"Elora, The Valley, Al Yufrah 1",Villa,3,1483.0,130000.0,12,130000.0,87.66014834794336,7.8,New,2026-06-25,2027-06-24,1700000.0,"The Valley (All Phases), Al Yufrah 1-4.pdf",20,9379380ebfa24ed1ba9ce7b376d892130d5873b4
Eden,"Eden, The Valley, Al Yufrah 1",Villa,3,1873.0,129150.0,12,129150.0,68.9535504538174,11.0,Renewed,2026-06-25,2027-06-24,1200000.0,"The Valley (All Phases), Al Yufrah 1-4.pdf",18,72f2edb21d91153cac3b956f254b40901109d76f
Nara,"Nara, The Valley, Al Yufrah 1",Villa,3,1873.0,135000.0,12,135000.0,72.07688200747464,9.0,New,2026-06-24,2027-06-23,1500000.0,"The Valley (All Phases), Al Yufrah 1-4.pdf",19,87f1cc60ef87f7d2e7cf77ee50f0c551eed136ff
Talia,"Talia, The Valley, Al Yufrah 1",Villa,4,2772.0,170000.0,12,170000.0,61.32756132756133,7.5,New,2026-06-24,2027-06-23,2300000.0,"The Valley (All Phases), Al Yufrah 1-4.pdf",19,149ca9cf9ddf3b1c03ed19fa481720d37af58c78
Eden,"Eden, The Valley, Al Yufrah 1",Villa,3,1873.0,130000.0,12,130000.0,69.40736785904966,5.7,New,2026-06-23,2027-06-22,2300000.0,"The Valley (All Phases), Al Yufrah 1-4.pdf",20,7372d50cec7f2ed7f9ef5e6d113915d8d756240c
Eden,"Eden, The Valley, Al Yufrah 1",Villa,4,2772.0,140000.0,12,140000.0,50.505050505050505,9.3,Renewed,2026-06-20,2027-06-19,1500000.0,"The Valley (All Phases), Al Yufrah 1-4.pdf",19,b42b33b88c21c25525a0d99b788b59633c2cb680
Elora,"Elora, The Valley, Al Yufrah 1",Villa,3,1481.0,127000.0,12,127000.0,85.75286968264686,7.2,New,2026-06-20,2027-06-19,1800000.0,"The Valley (All Phases), Al Yufrah 1-4.pdf",20,cea6ea9e18d94bd84cf7fe051a9b84fbbb6d27dd
Talia,"Talia, The Valley, Al Yufrah 1",Villa,3,1873.0,145000.0,12,145000.0,77.41591030432461,9.5,Renewed,2026-06-20,2027-06-19,1500000.0,"The Valley (All Phases), Al Yufrah 1-4.pdf",10,39e28d80d27983c716123ec483701781774af155
Nara,"Nara, The Valley, Al Yufrah 1",Villa,4,2750.0,155000.0,12,155000.0,56.36363636363637,7.6,New,2026-06-19,2027-06-18,2100000.0,"The Valley (All Phases), Al Yufrah 1-4.pdf",21,d30ebdc669371f8e6ad270616fa16f704f459404
Orania,"Orania, The Valley, Al Yufrah 1",Villa,4,2809.0,150000.0,12,150000.0,53.399786400854396,5.8,New,2026-06-18,2027-06-17,2600000.0,"The Valley (All Phases), Al Yufrah 1-4.pdf",21,31b736fd2e0fe9c3aceee811fa3727e9018cb2e1
Eden,"Eden, The Valley, Al Yufrah 1",Villa,3,1873.0,130000.0,12,130000.0,69.40736785904966,11.1,New,2026-06-17,2027-06-16,1200000.0,"The Valley (All Phases), Al Yufrah 1-4.pdf",22,2a94ef0cf41c5e0c72dce95c4f6a03c1e2d3c0ac
Eden,"Eden, The Valley, Al Yufrah 1",Villa,3,1873.0,120000.0,12,120000.0,64.06833956219968,4.6,New,2026-06-16,2027-06-15,2600000.0,"The Valley (All Phases), Al Yufrah 1-4.pdf",22,732fec6224ad84748e99ef68fe83420d3bf9ce07
Orania,"Orania, The Valley, Al Yufrah 1",Villa,4,3417.0,175000.0,12,175000.0,51.21451565700907,8.4,New,2026-06-16,2027-06-15,2100000.0,"The Valley (All Phases), Al Yufrah 1-4.pdf",20,526ba14a46b72e604467c6a66ecb5f21bd18bde8
Nara,"Nara, The Valley, Al Yufrah 1",Villa,3,1873.0,145000.0,12,145000.0,77.41591030432461,10.4,New,2026-06-15,2027-06-14,1400000.0,"The Valley (All Phases), Al Yufrah 1-4.pdf",20,7ed947b55085b785cfaf7bbb3b9eac6a12dde5d8
Nara,"Nara, The Valley, Al Yufrah 1",Villa,4,2761.0,155000.0,12,155000.0,56.13908004346251,8.8,New,2026-06-15,2027-06-14,1800000.0,"The Valley (All Phases), Al Yufrah 1-4.pdf",21,1b91ba6cf8521c9c52248ce6cbc874ecd0ee2ce7
Eden,"Eden, The Valley, Al Yufrah 1",Villa,4,2803.0,165000.0,12,165000.0,58.86550124866215,8.6,Renewed,2026-06-15,2027-06-14,1900000.0,"The Valley (All Phases), Al Yufrah 1-4.pdf",18,8c0a091f6ee237e7f3e6f7eff52764a2837f7168
Elora,"Elora, The Valley, Al Yufrah 1",Villa,3,1481.0,120000.0,12,120000.0,81.02633355840648,5.2,New,2026-06-15,2027-06-14,2300000.0,"The Valley (All Phases), Al Yufrah 1-4.pdf",23,3bdd924eba75b3114322172c62f353d71ca67575
Talia,"Talia, The Valley, Al Yufrah 1",Villa,4,2772.0,160000.0,12,160000.0,57.72005772005772,8.0,New,2026-06-15,2027-06-14,2000000.0,"The Valley (All Phases), Al Yufrah 1-4.pdf",21,0c480b6b3d6db7302170a0472ebb31e6bde79ea7
Orania,"Orania, The Valley, Al Yufrah 1",Villa,3,1873.0,130000.0,12,130000.0,69.40736785904966,8.1,New,2026-06-15,2027-06-14,1600000.0,"The Valley (All Phases), Al Yufrah 1-4.pdf",21,3fc6c79396848f62cc338dd092345df2c9f85811
Talia,"Talia, The Valley, Al Yufrah 1",Villa,4,2772.0,135000.0,12,135000.0,48.701298701298704,6.9,New,2026-06-15,2027-06-14,1900000.0,"The Valley (All Phases), Al Yufrah 1-4.pdf",22,ee170e40fd4e8b2e2f83e73f5f0bc90067aa7431
Elora,"Elora, The Valley, Al Yufrah 1",Villa,3,1481.0,120000.0,12,120000.0,81.02633355840648,5.2,New,2026-06-15,2027-06-14,2300000.0,"The Valley (All Phases), Al Yufrah 1-4.pdf",27,e8e1d8e2f7b1e9741a9adef3b82b92e8561326bd
Orania,"Orania, The Valley, Al Yufrah 1",Villa,3,1873.0,120000.0,12,120000.0,64.06833956219968,7.8,New,2026-06-15,2027-06-14,1500000.0,"The Valley (All Phases), Al Yufrah 1-4.pdf",22,f776d0f09b56479b61d85e094db8eb3c440cba19
Elora,"Elora, The Valley, Al Yufrah 1",Villa,3,1483.0,130000.0,12,130000.0,87.66014834794336,5.5,New,2026-06-14,2027-06-13,2400000.0,"The Valley (All Phases), Al Yufrah 1-4.pdf",21,492313649a15d9ebbcb372df21ebd20fed067c70
Orania,"Orania, The Valley, Al Yufrah 1",Villa,3,1873.0,125000.0,13,115384.61538461539,61.604172655961236,4.5,New,2026-06-14,2027-06-23,2800000.0,"The Valley (All Phases), Al Yufrah 1-4.pdf",21,bbd14ec090231cf995730bdd088e4fa4d4acac96
Elora,"Elora, The Valley, Al Yufrah 1",Villa,3,1483.0,130000.0,12,130000.0,87.66014834794336,6.9,New,2026-06-13,2027-06-12,1900000.0,"The Valley (All Phases), Al Yufrah 1-4.pdf",21,05eb0ecdcdd8ac491dbfd9f02eea30c8a66386c5
Talia,"Talia, The Valley, Al Yufrah 1",Villa,4,2772.0,200000.0,12,200000.0,72.15007215007215,5.6,New,2026-06-12,2027-06-11,3600000.0,"The Valley (All Phases), Al Yufrah 1-4.pdf",21,4531f72e53fb7e1b3d1809d76147be1241990f09
Eden,"Eden, The Valley, Al Yufrah 1",Villa,3,1873.0,120000.0,12,120000.0,64.06833956219968,8.3,New,2026-06-12,2027-06-11,1500000.0,"The Valley (All Phases), Al Yufrah 1-4.pdf",21,cdadf580ce1859a9920c2ac1564eedc332501253
Eden,"Eden, The Valley, Al Yufrah 1",Villa,3,1873.0,126000.0,13,116307.69230769231,62.09700603720892,10.7,New,2026-06-10,2027-06-10,1200000.0,"The Valley (All Phases), Al Yufrah 1-4.pdf",17,30ef6d4b53186f46c2773176cce3defb0a7eba29
Eden,"Eden, The Valley, Al Yufrah 1",Villa,3,1873.0,130000.0,12,130000.0,69.40736785904966,10.4,New,2026-06-10,2027-06-09,1200000.0,"The Valley (All Phases), Al Yufrah 1-4.pdf",22,a1341b3eb0b4d3507552f616337eb31e986aa9f4
Orania,"Orania, The Valley, Al Yufrah 1",Villa,3,1873.0,130000.0,12,130000.0,69.40736785904966,8.0,New,2026-06-10,2027-06-09,1600000.0,"The Valley (All Phases), Al Yufrah 1-4.pdf",22,164d674f32a716cc4ccfdd66d992cbe552852fd7
Talia,"Talia, The Valley, Al Yufrah 1",Villa,3,1873.0,150000.0,12,150000.0,80.0854244527496,9.1,Renewed,2026-06-10,2027-06-09,1700000.0,"The Valley (All Phases), Al Yufrah 1-4.pdf",20,744c69e5d4c56f9e246fbc02f1585bb09cb9dc91
Eden,"Eden, The Valley, Al Yufrah 1",Villa,3,1873.0,120000.0,12,120000.0,64.06833956219968,10.3,Renewed,2026-06-10,2027-06-09,1200000.0,"The Valley (All Phases), Al Yufrah 1-4.pdf",16,926d9d4539083f54fcc14cd12a8c2572caa7a2f9
Talia,"Talia, The Valley, Al Yufrah 1",Villa,3,1873.0,140000.0,12,140000.0,74.74639615589963,9.6,Renewed,2026-06-10,2027-06-09,1500000.0,"The Valley (All Phases), Al Yufrah 1-4.pdf",23,3d1729e32716ed825211e7a51f63e5f004b0df2b
Orania,"Orania, The Valley, Al Yufrah 1",Villa,3,1904.0,135000.0,12,135000.0,70.90336134453781,7.8,New,2026-06-06,2027-06-05,1700000.0,"The Valley (All Phases), Al Yufrah 1-4.pdf",27,48b609bf4b9fca99c87f5c0fa27601581400f78a
Eden,"Eden, The Valley, Al Yufrah 1",Villa,3,1873.0,135000.0,12,135000.0,72.07688200747464,7.9,Renewed,2026-06-06,2027-06-05,1700000.0,"The Valley (All Phases), Al Yufrah 1-4.pdf",22,ca5fdcba3ee99f443e399cdc676a83b02f70b399
Orania,"Orania, The Valley, Al Yufrah 1",Villa,3,1904.0,135000.0,12,135000.0,70.90336134453781,7.8,New,2026-06-06,2027-06-05,1700000.0,"The Valley (All Phases), Al Yufrah 1-4.pdf",24,070fa90b58fd0a48c3099465740b10456ac8c463
Nara,"Nara, The Valley, Al Yufrah 1",Villa,3,1873.0,127000.0,12,127000.0,67.80565936999466,9.1,New,2026-06-05,2027-06-04,1400000.0,"The Valley (All Phases), Al Yufrah 1-4.pdf",23,fc281f9190649d0a798477cc99ed22927614dcb0
Nara,"Nara, The Valley, Al Yufrah 1",Villa,3,1873.0,130000.0,12,130000.0,69.40736785904966,9.0,New,2026-06-01,2027-05-31,1400000.0,"The Valley (All Phases), Al Yufrah 1-4.pdf",23,d297e33ee5783acc08157698a60befd365bc7cdb
Orania,"Orania, The Valley, Al Yufrah 1",Villa,3,1873.0,125000.0,12,125000.0,66.73785371062466,8.2,New,2026-06-01,2027-05-31,1500000.0,"The Valley (All Phases), Al Yufrah 1-4.pdf",25,c03b58c02706d56e3a2b5f54d705d3054a4f0269
Orania,"Orania, The Valley, Al Yufrah 1",Villa,3,1904.0,125000.0,12,125000.0,65.65126050420169,4.9,New,2026-06-01,2027-05-31,2600000.0,"The Valley (All Phases), Al Yufrah 1-4.pdf",27,ebb489d75a8d9449d19ff9ec8309bd0a3015f632
Talia,"Talia, The Valley, Al Yufrah 1",Villa,3,1873.0,75000.0,6,150000.0,80.0854244527496,5.0,New,2026-06-01,2026-11-30,1500000.0,"The Valley (All Phases), Al Yufrah 1-4.pdf",23,1b0516b539954a42303458ee0c60093c6619f359
Elora,"Elora, The Valley, Al Yufrah 1",Villa,3,1483.0,130000.0,13,120000.0,80.91706001348618,7.4,New,2026-06-01,2027-06-01,1700000.0,"The Valley (All Phases), Al Yufrah 1-4.pdf",24,7558b6dd224393e3535c996add6adeafd87247e7
Talia,"Talia, The Valley, Al Yufrah 1",Villa,3,1873.0,150000.0,12,150000.0,80.0854244527496,9.9,New,2026-06-01,2027-05-31,1500000.0,"The Valley (All Phases), Al Yufrah 1-4.pdf",10,7ef5cb87cb86ae83f768b66ed59abad321282163
Orania,"Orania, The Valley, Al Yufrah 1",Villa,4,2870.0,150000.0,12,150000.0,52.26480836236934,4.9,New,2026-06-01,2027-05-31,3100000.0,"The Valley (All Phases), Al Yufrah 1-4.pdf",23,c265a397ed694bfb607b1063b0f9a134d74310f1
Orania,"Orania, The Valley, Al Yufrah 1",Villa,4,3012.0,165000.0,12,165000.0,54.78087649402391,7.9,New,2026-06-01,2027-05-31,2100000.0,"The Valley (All Phases), Al Yufrah 1-4.pdf",23,707804f57b2a82817e504d1f14c3071c77643770
Orania,"Orania, The Valley, Al Yufrah 1",Villa,3,1904.0,125000.0,12,125000.0,65.65126050420169,4.9,New,2026-06-01,2027-05-31,2600000.0,"The Valley (All Phases), Al Yufrah 1-4.pdf",23,23ea3d4718f1f11234d8901adcc0f7d1fdd5a928
Eden,"Eden, The Valley, Al Yufrah 1",Villa,3,1873.0,130000.0,12,130000.0,69.40736785904966,11.1,New,2026-06-01,2027-05-31,1200000.0,"The Valley (All Phases), Al Yufrah 1-4.pdf",29,921b687914fd2f1a2a70e8b35c88643944fe0060
Talia,"Talia, The Valley, Al Yufrah 1",Villa,3,1873.0,160000.0,12,160000.0,85.42445274959957,10.0,New,2026-06-01,2027-05-31,1600000.0,"The Valley (All Phases), Al Yufrah 1-4.pdf",23,c8a8c53fc2d86763513e67471358d51c5ce86c34
Eden,"Eden, The Valley, Al Yufrah 1",Villa,3,1873.0,135000.0,12,135000.0,72.07688200747464,11.1,Renewed,2026-06-01,2027-05-31,1200000.0,"The Valley (All Phases), Al Yufrah 1-4.pdf",24,34ec472c259395b9a6452860a16ed313d5c33a27
Elora,"Elora, The Valley, Al Yufrah 1",Villa,4,2487.0,185000.0,12,185000.0,74.38681141938078,8.2,New,2026-06-01,2027-05-31,2200000.0,"The Valley (All Phases), Al Yufrah 1-4.pdf",29,877b9dec24073f00d4739789113831516e91ddc4
Eden,"Eden, The Valley, Al Yufrah 1",Villa,4,2767.0,165000.0,12,165000.0,59.63136971449223,10.5,New,2026-06-01,2027-05-31,1600000.0,"The Valley (All Phases), Al Yufrah 1-4.pdf",28,a55827502088c61dfab00a20e4ba616d6207168d
Eden,"Eden, The Valley, Al Yufrah 1",Villa,3,1873.0,135000.0,12,135000.0,72.07688200747464,11.1,Renewed,2026-06-01,2027-05-31,1200000.0,"The Valley (All Phases), Al Yufrah 1-4.pdf",28,3b7c2a4e353ecfff4a203e99954a7831018bb1e9
Elora,"Elora, The Valley, Al Yufrah 1",Villa,3,1483.0,130000.0,13,120000.0,80.91706001348618,7.4,New,2026-06-01,2027-06-01,1700000.0,"The Valley (All Phases), Al Yufrah 1-4.pdf",27,a3fe49a7a90d3b40da87fd4b14899d9b63eaa05a
Orania,"Orania, The Valley, Al Yufrah 1",Villa,3,1873.0,125000.0,12,125000.0,66.73785371062466,8.2,New,2026-06-01,2027-05-31,1500000.0,"The Valley (All Phases), Al Yufrah 1-4.pdf",28,ae5902ffae64670e53a094a0633870c8506cc9f6
Elora,"Elora, The Valley, Al Yufrah 1",Villa,3,1483.0,128000.0,12,128000.0,86.31153068105192,7.3,New,2026-06-01,2027-05-31,1700000.0,"The Valley (All Phases), Al Yufrah 1-4.pdf",29,5f7250a1cadc429ab2b03ca4a83ed5d29443d695
Orania,"Orania, The Valley, Al Yufrah 1",Villa,3,1873.0,115000.0,12,115000.0,61.398825413774695,5.6,New,2026-06-01,2027-05-31,2100000.0,"The Valley (All Phases), Al Yufrah 1-4.pdf",25,f35789b2233c491b47aaf96ea7c11b9e729fc51b
Orania,"Orania, The Valley, Al Yufrah 1",Villa,4,3012.0,165000.0,12,165000.0,54.78087649402391,7.9,New,2026-06-01,2027-05-31,2100000.0,"The Valley (All Phases), Al Yufrah 1-4.pdf",27,9ddd34d4dafe074f73a9046b42e4331463e2f5ce
Orania,"Orania, The Valley, Al Yufrah 1",Villa,4,2870.0,150000.0,12,150000.0,52.26480836236934,4.9,New,2026-06-01,2027-05-31,3100000.0,"The Valley (All Phases), Al Yufrah 1-4.pdf",27,83629d7f090e8014b9029db535ab03d825b12b5a
Eden,"Eden, The Valley, Al Yufrah 1",Villa,4,2767.0,165000.0,12,165000.0,59.63136971449223,10.5,New,2026-06-01,2027-05-31,1600000.0,"The Valley (All Phases), Al Yufrah 1-4.pdf",25,8a64295cae16d1f1220b1e3c0e7bd30a4a9a91f7
Nara,"Nara, The Valley, Al Yufrah 1",Villa,3,1873.0,135000.0,12,135000.0,72.07688200747464,9.6,Renewed,2026-06-01,2027-05-31,1400000.0,"The Valley (All Phases), Al Yufrah 1-4.pdf",30,f24fa71bfc4e5e92020dd70c89cae02d33948c3c
Nara,"Nara, The Valley, Al Yufrah 1",Villa,3,1873.0,130000.0,12,130000.0,69.40736785904966,9.0,New,2026-06-01,2027-05-31,1400000.0,"The Valley (All Phases), Al Yufrah 1-4.pdf",27,dc1713481fe134af313755159f1e9d0bea7cd26e
Eden,"Eden, The Valley, Al Yufrah 1",Villa,3,1873.0,150000.0,12,150000.0,80.0854244527496,10.0,New,2026-06-01,2027-05-31,1500000.0,"The Valley (All Phases), Al Yufrah 1-4.pdf",18,78c95c63e7ac275b899384cb06add516fef1cad0
Orania,"Orania, The Valley, Al Yufrah 1",Villa,3,1873.0,115000.0,12,115000.0,61.398825413774695,5.6,New,2026-06-01,2027-05-31,2100000.0,"The Valley (All Phases), Al Yufrah 1-4.pdf",28,0e54c3c18040f02c38f7cd777981e9ffb42ec410
Orania,"Orania, The Valley, Al Yufrah 1",Villa,3,1873.0,125000.0,12,125000.0,66.73785371062466,8.1,New,2026-05-31,2027-05-30,1500000.0,"The Valley (All Phases), Al Yufrah 1-4.pdf",23,79fabb9432ccb3473c7b8bb6b01d7d5e0f891474
Orania,"Orania, The Valley, Al Yufrah 1",Villa,3,1873.0,130000.0,12,130000.0,69.40736785904966,6.7,New,2026-05-31,2027-05-30,2000000.0,"The Valley (All Phases), Al Yufrah 1-4.pdf",28,0fe20e804645f2ed4d1dae206e00652c520430f1
Orania,"Orania, The Valley, Al Yufrah 1",Villa,3,1873.0,130000.0,12,130000.0,69.40736785904966,6.7,New,2026-05-31,2027-05-30,2000000.0,"The Valley (All Phases), Al Yufrah 1-4.pdf",24,f4e039f1015847b3af4254c81b67dffbc4d18a96
Orania,"Orania, The Valley, Al Yufrah 1",Villa,3,1873.0,125000.0,12,125000.0,66.73785371062466,8.1,New,2026-05-31,2027-05-30,1500000.0,"The Valley (All Phases), Al Yufrah 1-4.pdf",27,effcfe19fedcde81a71cb8d4608a304c602d20ea
Orania,"Orania, The Valley, Al Yufrah 1",Villa,3,1904.0,135000.0,12,135000.0,70.90336134453781,6.4,New,2026-05-30,2027-05-29,2100000.0,"The Valley (All Phases), Al Yufrah 1-4.pdf",28,b901045489b33df389f97e0561cd734b3114f857
Orania,"Orania, The Valley, Al Yufrah 1",Villa,4,2800.0,175000.0,12,175000.0,62.5,8.5,New,2026-05-28,2027-05-27,2000000.0,"The Valley (All Phases), Al Yufrah 1-4.pdf",24,83bcaea4e1f7a81c6fe5de2ee463cc3c603b0af4
Orania,"Orania, The Valley, Al Yufrah 1",Villa,4,2800.0,175000.0,12,175000.0,62.5,8.5,New,2026-05-28,2027-05-27,2000000.0,"The Valley (All Phases), Al Yufrah 1-4.pdf",27,6d76e7ff9396fc7e1832548b886ccb6d2d65e20a
Elora,"Elora, The Valley, Al Yufrah 1",Villa,3,1483.0,123000.0,12,123000.0,82.93998651382333,4.9,New,2026-05-26,2027-05-25,2500000.0,"The Valley (All Phases), Al Yufrah 1-4.pdf",28,d0d8d32d0e799f61e80a211be836f8794a30ef8d
Elora,"Elora, The Valley, Al Yufrah 1",Villa,3,1483.0,123000.0,12,123000.0,82.93998651382333,4.9,New,2026-05-26,2027-05-25,2500000.0,"The Valley (All Phases), Al Yufrah 1-4.pdf",24,808b6c32a48e317b6aa4a8921372f46256aa076a
Elora,"Elora, The Valley, Al Yufrah 1",Villa,3,1483.0,120000.0,12,120000.0,80.91706001348618,7.2,New,2026-05-25,2027-05-24,1700000.0,"The Valley (All Phases), Al Yufrah 1-4.pdf",28,20c9c06177a1c4f01bb272f6e158ed32be33d7f5
Orania,"Orania, The Valley, Al Yufrah 1",Villa,3,1873.0,120000.0,12,120000.0,64.06833956219968,7.8,New,2026-05-25,2027-05-24,1500000.0,"The Valley (All Phases), Al Yufrah 1-4.pdf",24,de22dd7f38cc1982cb5f2d9990fbd5f1db43a329
Talia,"Talia, The Valley, Al Yufrah 1",Villa,3,1898.0,135000.0,12,135000.0,71.12750263435196,4.8,New,2026-05-25,2027-05-24,2800000.0,"The Valley (All Phases), Al Yufrah 1-4.pdf",24,1f93be207013d4647e41db798e1a8a503c31bc29
Elora,"Elora, The Valley, Al Yufrah 1",Villa,3,1483.0,120000.0,12,120000.0,80.91706001348618,7.2,New,2026-05-25,2027-05-24,1700000.0,"The Valley (All Phases), Al Yufrah 1-4.pdf",24,be3c16001ae2cd763f54c4ebfec23295a3b81da6
Orania,"Orania, The Valley, Al Yufrah 1",Villa,3,1873.0,135000.0,12,135000.0,72.07688200747464,8.6,New,2026-05-25,2027-05-24,1600000.0,"The Valley (All Phases), Al Yufrah 1-4.pdf",28,9687cc2c28b1ea52d3e7da116a29ef60fba3fd7c
Orania,"Orania, The Valley, Al Yufrah 1",Villa,3,1873.0,135000.0,12,135000.0,72.07688200747464,8.6,New,2026-05-25,2027-05-24,1600000.0,"The Valley (All Phases), Al Yufrah 1-4.pdf",24,accd99eab05033d458ee7e0edea5d1284b35dae8
Nara,"Nara, The Valley, Al Yufrah 1",Villa,4,2772.0,160000.0,12,160000.0,57.72005772005772,8.8,New,2026-05-25,2027-05-24,1800000.0,"The Valley (All Phases), Al Yufrah 1-4.pdf",29,dc0a35ef8912a89a68fe4e6de5e164795e5997ed
Orania,"Orania, The Valley, Al Yufrah 1",Villa,3,1873.0,120000.0,12,120000.0,64.06833956219968,7.8,New,2026-05-25,2027-05-24,1500000.0,"The Valley (All Phases), Al Yufrah 1-4.pdf",28,8582a3add3fdf4a12d1a1c77733876f7640ba7ab
Orania,"Orania, The Valley, Al Yufrah 1",Villa,3,1873.0,125000.0,12,125000.0,66.73785371062466,8.1,New,2026-05-25,2027-05-24,1500000.0,"The Valley (All Phases), Al Yufrah 1-4.pdf",29,8f10cf64aab63cf04c6a63f445c346652b364906
Eden,"Eden, The Valley, Al Yufrah 1",Villa,3,1873.0,126000.0,12,126000.0,67.27175654030967,9.6,Renewed,2026-05-25,2027-05-24,1300000.0,"The Valley (All Phases), Al Yufrah 1-4.pdf",30,20d18425c57a26b1bcfd2e1a06cebed4b0245904
Talia,"Talia, The Valley, Al Yufrah 1",Villa,3,1898.0,135000.0,12,135000.0,71.12750263435196,4.8,New,2026-05-25,2027-05-24,2800000.0,"The Valley (All Phases), Al Yufrah 1-4.pdf",28,c9fe6aa0551fa93df2b2278ab4cf02a4a4be2ead
Talia,"Talia, The Valley, Al Yufrah 1",Villa,3,1873.0,135000.0,12,135000.0,72.07688200747464,9.2,New,2026-05-25,2027-05-24,1500000.0,"The Valley (All Phases), Al Yufrah 1-4.pdf",30,d2576d0ac7214bc19696834cffc4a86e3a659005
Nara,"Nara, The Valley, Al Yufrah 1",Villa,4,2772.0,170000.0,12,170000.0,61.32756132756133,5.1,New,2026-05-24,2027-05-23,3300000.0,"The Valley (All Phases), Al Yufrah 1-4.pdf",24,4b4f1c51909a6beaea4ef1efc4fdcc139a5c0d32
Eden,"Eden, The Valley, Al Yufrah 1",Villa,3,1873.0,135000.0,12,135000.0,72.07688200747464,10.5,Renewed,2026-05-24,2027-05-23,1300000.0,"The Valley (All Phases), Al Yufrah 1-4.pdf",24,fba7fc9dac2b1894a3e407fd2fd4e180841a4db9
Nara,"Nara, The Valley, Al Yufrah 1",Villa,4,2772.0,170000.0,12,170000.0,61.32756132756133,5.1,New,2026-05-24,2027-05-23,3300000.0,"The Valley (All Phases), Al Yufrah 1-4.pdf",28,ec6531fa95385bf71880ea3902480eafaf93e303
Eden,"Eden, The Valley, Al Yufrah 1",Villa,3,1873.0,135000.0,12,135000.0,72.07688200747464,10.5,Renewed,2026-05-24,2027-05-23,1300000.0,"The Valley (All Phases), Al Yufrah 1-4.pdf",28,c5dd4a024a847242a3e7bcca05d0287992bf55a9
Nara,"Nara, The Valley, Al Yufrah 1",Villa,3,1873.0,140000.0,12,140000.0,74.74639615589963,4.8,New,2026-05-22,2027-05-21,2900000.0,"The Valley (All Phases), Al Yufrah 1-4.pdf",24,3d06adffd79972ede30615b574867b7b95f656f6
Eden,"Eden, The Valley, Al Yufrah 1",Villa,4,2772.0,160000.0,12,160000.0,57.72005772005772,8.8,New,2026-05-22,2027-05-21,1800000.0,"The Valley (All Phases), Al Yufrah 1-4.pdf",30,26c6116c2c8e3f7a5e6f909276989d5799f3aff5
Nara,"Nara, The Valley, Al Yufrah 1",Villa,3,1873.0,140000.0,12,140000.0,74.74639615589963,4.8,New,2026-05-22,2027-05-21,2900000.0,"The Valley (All Phases), Al Yufrah 1-4.pdf",27,c706067f4d8c92d784032389e8ee415807858f02
Orania,"Orania, The Valley, Al Yufrah 1",Villa,3,1904.0,130000.0,12,130000.0,68.27731092436974,4.7,New,2026-05-21,2027-05-20,2800000.0,"The Valley (All Phases), Al Yufrah 1-4.pdf",29,74520225da0be2112601aaf1563c64ccc395bd85
Orania,"Orania, The Valley, Al Yufrah 1",Villa,4,3327.0,165000.0,12,165000.0,49.59422903516682,8.0,New,2026-05-20,2027-05-19,2100000.0,"The Valley (All Phases), Al Yufrah 1-4.pdf",29,f1c7cd7ac4b39ab52fad8e2e7ccddfff3dc12ccb
Orania,"Orania, The Valley, Al Yufrah 1",Villa,3,1904.0,135000.0,12,135000.0,70.90336134453781,8.7,New,2026-05-20,2027-05-19,1600000.0,"The Valley (All Phases), Al Yufrah 1-4.pdf",29,fc045dab1b8240f5147f535b53e96611be90b6cc
Orania,"Orania, The Valley, Al Yufrah 1",Villa,3,1873.0,120000.0,12,120000.0,64.06833956219968,7.4,New,2026-05-20,2027-05-19,1600000.0,"The Valley (All Phases), Al Yufrah 1-4.pdf",29,ad0c6ac06e4649d8f0b401cba8378c0f8344cbf6
Talia,"Talia, The Valley, Al Yufrah 1",Villa,3,1873.0,144000.0,12,144000.0,76.88200747463962,9.0,New,2026-05-20,2027-05-19,1600000.0,"The Valley (All Phases), Al Yufrah 1-4.pdf",31,a6668060f3fbd532a89d08be80d7932ab3d8a77a
Eden,"Eden, The Valley, Al Yufrah 1",Villa,3,1873.0,130000.0,12,130000.0,69.40736785904966,8.4,Renewed,2026-05-20,2027-05-19,1600000.0,"The Valley (All Phases), Al Yufrah 1-4.pdf",29,457c1dedfb07a6217e5f82c7bda0f7bf57fd54a8
Elora,"Elora, The Valley, Al Yufrah 1",Villa,3,1481.0,130000.0,12,130000.0,87.77852802160702,7.4,New,2026-05-19,2027-05-18,1800000.0,"The Valley (All Phases), Al Yufrah 1-4.pdf",29,e6d42a9e482927f71c60df62229ee1b1a717e5f0
Orania,"Orania, The Valley, Al Yufrah 1",Villa,3,1873.0,135000.0,12,135000.0,72.07688200747464,8.7,New,2026-05-18,2027-05-17,1600000.0,"The Valley (All Phases), Al Yufrah 1-4.pdf",21,46ddaaee6b7c54bf063ae13d8bf9c6772040f06d
Orania,"Orania, The Valley, Al Yufrah 1",Villa,4,2771.0,170000.0,12,170000.0,61.34969325153374,4.5,New,2026-05-15,2027-05-14,3800000.0,"The Valley (All Phases), Al Yufrah 1-4.pdf",29,be7f70c740b63b907b7f5ac2f0c0d23d29b7409a
Orania,"Orania, The Valley, Al Yufrah 1",Villa,3,1873.0,125000.0,12,125000.0,66.73785371062466,8.2,New,2026-05-15,2027-05-14,1500000.0,"The Valley (All Phases), Al Yufrah 1-4.pdf",31,4ad8490070024faa390d4a3d17c6f2dee6cec3c9
Nara,"Nara, The Valley, Al Yufrah 1",Villa,4,2750.0,160000.0,12,160000.0,58.18181818181818,40.0,New,2026-05-15,2027-05-14,400000.0,"The Valley (All Phases), Al Yufrah 1-4.pdf",31,b10ee7dea7e42dc5fb5ef1f24325390e71472c78
Orania,"Orania, The Valley, Al Yufrah 1",Villa,4,3313.0,155000.0,12,155000.0,46.78539088439481,4.1,New,2026-05-15,2027-05-14,3800000.0,"The Valley (All Phases), Al Yufrah 1-4.pdf",29,63a1cace74871d92543385150e3043bc458ff8eb
Orania,"Orania, The Valley, Al Yufrah 1",Villa,4,3840.0,180000.0,13,166153.84615384616,43.26923076923077,8.6,New,2026-05-14,2027-05-20,2100000.0,"The Valley (All Phases), Al Yufrah 1-4.pdf",30,eb4a55cc632718abc19af4779b904639f2b07fef
Eden,"Eden, The Valley, Al Yufrah 1",Villa,3,1873.0,41664.0,4,124992.0,66.73358248798719,3.6,Renewed,2026-05-13,2026-09-12,1200000.0,"The Valley (All Phases), Al Yufrah 1-4.pdf",19,de78bd5b1f62f47bbd3c68f12ac4cef9f1a485a4
Orania,"Orania, The Valley, Al Yufrah 1",Villa,3,1873.0,120000.0,12,120000.0,64.06833956219968,4.9,New,2026-05-12,2027-05-11,2500000.0,"The Valley (All Phases), Al Yufrah 1-4.pdf",31,3a5f2969a836724ac6fab52a4cdee38abd67130f
Orania,"Orania, The Valley, Al Yufrah 1",Villa,4,3593.0,160000.0,12,160000.0,44.53103256331756,7.9,New,2026-05-12,2027-05-11,2000000.0,"The Valley (All Phases), Al Yufrah 1-4.pdf",30,7eccd0357e2760ac31f28f7d600b7ac93223a32a
Talia,"Talia, The Valley, Al Yufrah 1",Villa,3,1873.0,145000.0,12,145000.0,77.41591030432461,9.3,Renewed,2026-05-12,2027-05-11,1600000.0,"The Valley (All Phases), Al Yufrah 1-4.pdf",30,41b420e4bd91b74b301633eb6be5dcf99c4983e4
Orania,"Orania, The Valley, Al Yufrah 1",Villa,3,1873.0,130000.0,12,130000.0,69.40736785904966,8.2,New,2026-05-10,2027-05-09,1600000.0,"The Valley (All Phases), Al Yufrah 1-4.pdf",31,b0a29646f9ea1dbfff1cc003a67a44f83d0a5a88
Eden,"Eden, The Valley, Al Yufrah 1",Villa,4,2772.0,230000.0,12,230000.0,82.97258297258297,14.7,New,2026-05-10,2027-05-09,1600000.0,"The Valley (All Phases), Al Yufrah 1-4.pdf",30,99f3351c7161e1e176761c7700f149c0e8991ceb
Orania,"Orania, The Valley, Al Yufrah 1",Villa,3,1904.0,118000.0,12,118000.0,61.97478991596638,5.1,New,2026-05-10,2027-05-09,2300000.0,"The Valley (All Phases), Al Yufrah 1-4.pdf",32,df4789f892948bfb5a205c8658dba729d512c897
Nara,"Nara, The Valley, Al Yufrah 1",Villa,3,1904.0,130000.0,12,130000.0,68.27731092436974,4.6,New,2026-05-10,2027-05-09,2900000.0,"The Valley (All Phases), Al Yufrah 1-4.pdf",31,0e7f4751c45b334955043efb5b8e7135b1484148
Talia,"Talia, The Valley, Al Yufrah 1",Villa,4,2782.0,155000.0,12,155000.0,55.71531272465852,8.3,New,2026-05-10,2027-05-09,1900000.0,"The Valley (All Phases), Al Yufrah 1-4.pdf",31,2688c919d7f06cde8454ca7094ae0699b336c1df
Nara,"Nara, The Valley, Al Yufrah 1",Villa,4,2772.0,158000.0,12,158000.0,56.998556998557,4.6,New,2026-05-10,2027-05-09,3400000.0,"The Valley (All Phases), Al Yufrah 1-4.pdf",31,03300d7798df51c45d7c5f411169dde4dd8d277f
Orania,"Orania, The Valley, Al Yufrah 1",Villa,3,1873.0,130000.0,12,130000.0,69.40736785904966,7.7,New,2026-05-10,2027-05-09,1700000.0,"The Valley (All Phases), Al Yufrah 1-4.pdf",31,fe1f1d58a18c77a194f0e4f1c7b9171a12f50285
Nara,"Nara, The Valley, Al Yufrah 1",Villa,3,1873.0,120000.0,12,120000.0,64.06833956219968,8.8,New,2026-05-10,2027-05-09,1400000.0,"The Valley (All Phases), Al Yufrah 1-4.pdf",30,3ece866d4b48567e24074a99ff63d119b0e1c71f
Nara,"Nara, The Valley, Al Yufrah 1",Villa,4,2750.0,165000.0,12,165000.0,60.0,9.3,New,2026-05-08,2027-05-07,1800000.0,"The Valley (All Phases), Al Yufrah 1-4.pdf",31,900b4e755e80c225cbfc85478eb32479e153ab83
Eden,"Eden, The Valley, Al Yufrah 1",Villa,3,1873.0,120000.0,12,120000.0,64.06833956219968,9.6,Renewed,2026-05-07,2027-05-06,1300000.0,"The Valley (All Phases), Al Yufrah 1-4.pdf",30,e84198d7f25a6d98bcbdf0fba09b9ed8f5f37cc5
Orania,"Orania, The Valley, Al Yufrah 1",Villa,4,3105.0,172000.0,12,172000.0,55.39452495974235,8.1,New,2026-05-07,2027-05-06,2100000.0,"The Valley (All Phases), Al Yufrah 1-4.pdf",32,76363c24aeebffe76244cde85e4733811a6ae92a
Nara,"Nara, The Valley, Al Yufrah 1",Villa,3,1873.0,125000.0,12,125000.0,66.73785371062466,8.3,New,2026-05-06,2027-05-05,1500000.0,"The Valley (All Phases), Al Yufrah 1-4.pdf",31,af0de78322ea9e0c6f810f0a87c9ceff174e1b32
Eden,"Eden, The Valley, Al Yufrah 1",Villa,3,1873.0,130000.0,12,130000.0,69.40736785904966,10.4,New,2026-05-05,2027-05-04,1200000.0,"The Valley (All Phases), Al Yufrah 1-4.pdf",31,a31f3bee0ca78d6a80f303db7c9fdbbb286fc812
Orania,"Orania, The Valley, Al Yufrah 1",Villa,3,1873.0,130000.0,12,130000.0,69.40736785904966,8.1,New,2026-05-05,2027-05-04,1600000.0,"The Valley (All Phases), Al Yufrah 1-4.pdf",31,0ab9d910950010215ea124d2a673ce3ff02d84c5
Nara,"Nara, The Valley, Al Yufrah 1",Villa,3,1873.0,160000.0,12,160000.0,85.42445274959957,5.7,New,2026-05-05,2027-05-04,2800000.0,"The Valley (All Phases), Al Yufrah 1-4.pdf",30,2ac7e62a1102dc345cb35a9ebc2ed9afad9f4a14
Orania,"Orania, The Valley, Al Yufrah 1",Villa,3,1873.0,125000.0,12,125000.0,66.73785371062466,7.9,New,2026-05-05,2027-05-04,1600000.0,"The Valley (All Phases), Al Yufrah 1-4.pdf",33,bd7f349ba36b596b02790b58212190e902e223f0
Nara,"Nara, The Valley, Al Yufrah 1",Villa,3,1873.0,110000.0,12,110000.0,58.72931126534971,8.1,New,2026-05-05,2027-05-04,1400000.0,"The Valley (All Phases), Al Yufrah 1-4.pdf",33,e55707fff8e07244cc2c124525fefa6a952a8aba
Eden,"Eden, The Valley, Al Yufrah 1",Villa,3,1873.0,125000.0,12,125000.0,66.73785371062466,10.7,New,2026-05-02,2027-05-01,1200000.0,"The Valley (All Phases), Al Yufrah 1-4.pdf",32,2708d946899e7d022f807f2ea07c7d5bce2a6d54
Talia,"Talia, The Valley, Al Yufrah 1",Villa,4,2772.0,160000.0,12,160000.0,57.72005772005772,5.2,New,2026-05-01,2027-04-30,3100000.0,"The Valley (All Phases), Al Yufrah 1-4.pdf",33,f7a2d9ce55f34fbb30ba8d9bee2359194b130c74
Orania,"Orania, The Valley, Al Yufrah 1",Villa,4,2870.0,180000.0,12,180000.0,62.717770034843205,8.1,New,2026-05-01,2027-04-30,2200000.0,"The Valley (All Phases), Al Yufrah 1-4.pdf",33,45e1a85f2490724f875ca7ff10aedcd05ba2a888
Orania,"Orania, The Valley, Al Yufrah 1",Villa,3,1904.0,135000.0,12,135000.0,70.90336134453781,8.6,New,2026-05-01,2027-04-30,1600000.0,"The Valley (All Phases), Al Yufrah 1-4.pdf",32,9a78cfc59ea696700b9e5937e22dc18a8d5d7119
Orania,"Orania, The Valley, Al Yufrah 1",Villa,4,2934.0,175000.0,12,175000.0,59.64553510565781,8.8,New,2026-05-01,2027-04-30,2000000.0,"The Valley (All Phases), Al Yufrah 1-4.pdf",32,e01d5613b218513e6292b32d8834751873412210
Talia,"Talia, The Valley, Al Yufrah 1",Villa,3,1873.0,120000.0,12,120000.0,64.06833956219968,4.4,New,2026-05-01,2027-04-30,2800000.0,"The Valley (All Phases), Al Yufrah 1-4.pdf",32,7ea7d091ab7ffe29a0c736cb2239218c663c053d
Orania,"Orania, The Valley, Al Yufrah 1",Villa,3,1873.0,140000.0,12,140000.0,74.74639615589963,6.7,New,2026-05-01,2027-04-30,2100000.0,"The Valley (All Phases), Al Yufrah 1-4.pdf",32,074f535053227371c12c5e9e8f21ab512dd96a56
Nara,"Nara, The Valley, Al Yufrah 1",Villa,3,1873.0,105000.0,12,105000.0,56.05979711692472,4.4,New,2026-05-01,2027-04-30,2400000.0,"The Valley (All Phases), Al Yufrah 1-4.pdf",34,8e058f48657004f269203b72d9a1f2f0840ec9bb
Nara,"Nara, The Valley, Al Yufrah 1",Villa,3,1873.0,130000.0,12,130000.0,69.40736785904966,8.7,New,2026-05-01,2027-04-30,1500000.0,"The Valley (All Phases), Al Yufrah 1-4.pdf",32,465bd0104e3f3c8957ee4894f8fb86cfa39bf35a
Orania,"Orania, The Valley, Al Yufrah 1",Villa,3,1873.0,120000.0,12,120000.0,64.06833956219968,5.6,New,2026-05-01,2027-04-30,2100000.0,"The Valley (All Phases), Al Yufrah 1-4.pdf",33,4dfc6a9e6f3fa1eea1cb9c648b39b859f2054086
Nara,"Nara, The Valley, Al Yufrah 1",Villa,3,1873.0,140000.0,12,140000.0,74.74639615589963,8.2,Renewed,2026-04-26,2027-04-25,1700000.0,"The Valley (All Phases), Al Yufrah 1-4.pdf",22,9271b6699e25cbca77ea0e1eb180d9169c9dc501
Nara,"Nara, The Valley, Al Yufrah 1",Villa,4,2768.0,95000.0,12,95000.0,34.320809248554916,5.4,New,2026-04-24,2027-04-23,1700000.0,"The Valley (All Phases), Al Yufrah 1-4.pdf",32,cb485b5ea63ffd069fb4f8b14428715fd36a79f3
Nara,"Nara, The Valley, Al Yufrah 1",Villa,3,1873.0,130000.0,12,130000.0,69.40736785904966,8.7,New,2026-04-23,2027-04-22,1500000.0,"The Valley (All Phases), Al Yufrah 1-4.pdf",32,36a91832caa886f14149760502cb5b04340b9b11
Eden,"Eden, The Valley, Al Yufrah 1",Villa,3,1873.0,132000.0,12,132000.0,70.47517351841965,8.4,New,2026-04-23,2027-04-22,1600000.0,"The Valley (All Phases), Al Yufrah 1-4.pdf",34,4c4c13c6d1c72815047bcb02348617de6a610fdd
Orania,"Orania, The Valley, Al Yufrah 1",Villa,3,1873.0,130000.0,12,130000.0,69.40736785904966,7.4,New,2026-04-20,2027-03-31,1800000.0,"The Valley (All Phases), Al Yufrah 1-4.pdf",33,27a139b0490dc8acdc7df6b8b6c14ff2085dd0b4
Orania,"Orania, The Valley, Al Yufrah 1",Villa,3,1873.0,13000.0,12,13000.0,6.940736785904965,7.0,New,2026-04-20,2027-04-19,1800000.0,"The Valley (All Phases), Al Yufrah 1-4.pdf",33,0fe38a3afe7d36590b96c83ab9501c0a3ad2be9b
Eden,"Eden, The Valley, Al Yufrah 1",Villa,3,1873.0,140000.0,12,140000.0,74.74639615589963,11.3,Renewed,2026-04-20,2027-04-19,1200000.0,"The Valley (All Phases), Al Yufrah 1-4.pdf",33,ea8024e23e403f13f28b8b879178334a5fae7802
Orania,"Orania, The Valley, Al Yufrah 1",Villa,3,1873.0,120000.0,12,120000.0,64.06833956219968,7.8,New,2026-04-18,2027-04-17,1500000.0,"The Valley (All Phases), Al Yufrah 1-4.pdf",33,72dfefe25ca1025848bffa976eab06848feef9d2
Nara,"Nara, The Valley, Al Yufrah 1",Villa,4,2772.0,160000.0,13,147692.3076923077,53.28005328005328,4.4,New,2026-04-17,2027-05-02,3600000.0,"The Valley (All Phases), Al Yufrah 1-4.pdf",33,2f8623326f4df545eb3fdd71e52cf9c98c215dd8
Orania,"Orania, The Valley, Al Yufrah 1",Villa,3,1873.0,130000.0,12,130000.0,69.40736785904966,8.2,New,2026-04-17,2027-04-16,1600000.0,"The Valley (All Phases), Al Yufrah 1-4.pdf",34,f07032c78d002dc01874500f57a4042a449e2a12
Eden,"Eden, The Valley, Al Yufrah 1",Villa,3,1898.0,150000.0,12,150000.0,79.03055848261327,9.2,Renewed,2026-04-17,2027-04-16,1600000.0,"The Valley (All Phases), Al Yufrah 1-4.pdf",22,8a58995aae9a2cef41fdefc0eaf863aec8bf487e
Nara,"Nara, The Valley, Al Yufrah 1",Villa,3,1873.0,140000.0,12,140000.0,74.74639615589963,9.2,New,2026-04-15,2027-04-14,1500000.0,"The Valley (All Phases), Al Yufrah 1-4.pdf",35,abb03ed32e331d693e2933b216b14a8aca89dc39
Nara,"Nara, The Valley, Al Yufrah 1",Villa,3,1873.0,145000.0,12,145000.0,77.41591030432461,6.9,Renewed,2026-04-15,2027-04-14,2100000.0,"The Valley (All Phases), Al Yufrah 1-4.pdf",35,c961176f1d6f44798b16486ccd68887d96020d91
Eden,"Eden, The Valley, Al Yufrah 1",Villa,3,1873.0,130000.0,12,130000.0,69.40736785904966,8.4,New,2026-04-15,2027-04-14,1600000.0,"The Valley (All Phases), Al Yufrah 1-4.pdf",32,b5d94b850647bdbdf94b9c7ddb931789a74dd53d
Eden,"Eden, The Valley, Al Yufrah 1",Villa,3,1873.0,125000.0,12,125000.0,66.73785371062466,8.6,New,2026-04-15,2027-04-14,1500000.0,"The Valley (All Phases), Al Yufrah 1-4.pdf",34,c383331e322baad6513ce53ab9eea85fe5c83a97
Orania,"Orania, The Valley, Al Yufrah 1",Villa,3,1873.0,130000.0,12,130000.0,69.40736785904966,8.5,New,2026-04-15,2027-04-14,1500000.0,"The Valley (All Phases), Al Yufrah 1-4.pdf",34,1ccffe4cdef27137da5bc7244280995c3ccb3fc3
Eden,"Eden, The Valley, Al Yufrah 1",Villa,3,1873.0,130000.0,12,130000.0,69.40736785904966,5.9,New,2026-04-13,2027-04-12,2200000.0,"The Valley (All Phases), Al Yufrah 1-4.pdf",34,9a3a065f8360b1f54d2ed8ec52854ba60498530e
Eden,"Eden, The Valley, Al Yufrah 1",Villa,3,1873.0,51375.0,5,123300.0,65.83021890016018,1.8,New,2026-04-13,2026-08-31,2800000.0,"The Valley (All Phases), Al Yufrah 1-4.pdf",32,97ca308d9b74c70b1e12afdcedbdfff69e014c01
Orania,"Orania, The Valley, Al Yufrah 1",Villa,3,1929.0,120000.0,12,120000.0,62.208398133748055,7.6,New,2026-04-11,2027-04-10,1600000.0,"The Valley (All Phases), Al Yufrah 1-4.pdf",34,8aad85bc8fb0c55276d88c247fc228d4668b3d24
Orania,"Orania, The Valley, Al Yufrah 1",Villa,3,1873.0,135000.0,12,135000.0,72.07688200747464,8.6,New,2026-04-10,2027-04-09,1600000.0,"The Valley (All Phases), Al Yufrah 1-4.pdf",34,e14ed49599d8268ecd444fa3df60c473136d9cf6
Eden,"Eden, The Valley, Al Yufrah 1",Villa,3,1899.0,126000.0,12,126000.0,66.35071090047393,7.6,Renewed,2026-04-10,2027-04-09,1700000.0,"The Valley (All Phases), Al Yufrah 1-4.pdf",32,11bf59ed0604ab3069396aa9e879424015746260
Nara,"Nara, The Valley, Al Yufrah 1",Villa,3,1873.0,140000.0,12,140000.0,74.74639615589963,10.3,Renewed,2026-04-10,2027-04-09,1400000.0,"The Valley (All Phases), Al Yufrah 1-4.pdf",44,0233322462bc7eba0239ff887fcd9d9044669adf
Nara,"Nara, The Valley, Al Yufrah 1",Villa,4,2772.0,201612.0,12,201612.0,72.73160173160173,8.3,New,2026-04-10,2027-04-09,2400000.0,"The Valley (All Phases), Al Yufrah 1-4.pdf",34,de158cbb7c094bee31e1cb790dea54482c14b16e
Orania,"Orania, The Valley, Al Yufrah 1",Villa,4,2784.0,170000.0,12,170000.0,61.0632183908046,6.8,New,2026-04-08,2027-04-07,2500000.0,"The Valley (All Phases), Al Yufrah 1-4.pdf",34,864f425e46d707d543859129966f11c4118fa29a
Nara,"Nara, The Valley, Al Yufrah 1",Villa,3,1873.0,148000.0,12,148000.0,79.01761879337961,10.8,New,2026-04-04,2027-04-03,1400000.0,"The Valley (All Phases), Al Yufrah 1-4.pdf",36,5ae372f71a1ad7397f9ec0c549a3c98765b92ea8
Eden,"Eden, The Valley, Al Yufrah 1",Villa,3,1873.0,130000.0,12,130000.0,69.40736785904966,11.0,Renewed,2026-04-02,2027-04-01,1200000.0,"The Valley (All Phases), Al Yufrah 1-4.pdf",35,57111240e0cad672131721b6bc9f9beb2c08d25a
Talia,"Talia, The Valley, Al Yufrah 1",Villa,4,2759.0,200000.0,12,200000.0,72.49003262051468,10.5,New,2026-04-01,2027-03-31,1900000.0,"The Valley (All Phases), Al Yufrah 1-4.pdf",36,3bb1c314b06ebcbb5ac40507cee936fc461080a9
Eden,"Eden, The Valley, Al Yufrah 1",Villa,3,1873.0,140000.0,12,140000.0,74.74639615589963,11.5,Renewed,2026-04-01,2027-03-31,1200000.0,"The Valley (All Phases), Al Yufrah 1-4.pdf",35,6290e4358b3b50003406312bc15421db071786aa
Orania,"Orania, The Valley, Al Yufrah 1",Villa,3,1873.0,135000.0,12,135000.0,72.07688200747464,4.9,New,2026-04-01,2027-03-31,2800000.0,"The Valley (All Phases), Al Yufrah 1-4.pdf",35,958047e657b4f31d66b7620b7ba070b2629f948d
Nara,"Nara, The Valley, Al Yufrah 1",Villa,3,1873.0,130000.0,12,130000.0,69.40736785904966,9.5,New,2026-04-01,2027-03-31,1400000.0,"The Valley (All Phases), Al Yufrah 1-4.pdf",34,fcd600103b4b13b75e35dd2ed06346d61ab95c4f
Orania,"Orania, The Valley, Al Yufrah 1",Villa,4,2772.0,180000.0,13,166153.84615384616,59.94005994005994,8.2,New,2026-04-01,2027-04-14,2200000.0,"The Valley (All Phases), Al Yufrah 1-4.pdf",35,8bb5c5f40d6c00b5733b6ef717be3e68918b0501
Eden,"Eden, The Valley, Al Yufrah 1",Villa,3,1873.0,135000.0,12,135000.0,72.07688200747464,8.5,Renewed,2026-04-01,2027-03-31,1600000.0,"The Valley (All Phases), Al Yufrah 1-4.pdf",23,536040cea2217544f11a976b4cc0179938922bc6
Orania,"Orania, The Valley, Al Yufrah 1",Villa,4,2772.0,180000.0,13,166153.84615384616,59.94005994005994,8.2,New,2026-04-01,2027-04-14,2200000.0,"The Valley (All Phases), Al Yufrah 1-4.pdf",30,0b34dcf40e40422e1ebd131fb53dfaa3ff19975c
Eden,"Eden, The Valley, Al Yufrah 1",Villa,3,1873.0,135000.0,12,135000.0,72.07688200747464,8.5,Renewed,2026-04-01,2027-03-31,1600000.0,"The Valley (All Phases), Al Yufrah 1-4.pdf",27,27133961ae4b120aeef20992f49d64bfddfee02b
Eden,"Eden, The Valley, Al Yufrah 1",Villa,3,1873.0,135000.0,12,135000.0,72.07688200747464,8.5,Renewed,2026-04-01,2027-03-31,1600000.0,"The Valley (All Phases), Al Yufrah 1-4.pdf",23,e480c3ee420c2f6946f7005ef952a91d99f5a42c
Orania,"Orania, The Valley, Al Yufrah 1",Villa,4,2829.0,180000.0,12,180000.0,63.62672322375398,8.7,New,2026-03-31,2027-03-30,2100000.0,"The Valley (All Phases), Al Yufrah 1-4.pdf",35,3f9c080777f4d82b8c0238906e23577b88e27805
Nara,"Nara, The Valley, Al Yufrah 1",Villa,4,2772.0,175000.0,12,175000.0,63.13131313131313,9.1,New,2026-03-30,2027-03-29,1900000.0,"The Valley (All Phases), Al Yufrah 1-4.pdf",36,75da764bef601695aa1ea14de31d573b0bcd577c
Orania,"Orania, The Valley, Al Yufrah 1",Villa,3,1873.0,138000.0,12,138000.0,73.67859049652964,8.6,New,2026-03-29,2027-03-28,1600000.0,"The Valley (All Phases), Al Yufrah 1-4.pdf",35,87eaef27cb23fcb06d1c106d7bf5edab7945ede3
Nara,"Nara, The Valley, Al Yufrah 1",Villa,3,1873.0,145000.0,13,133846.15384615384,71.46084028091502,10.4,Renewed,2026-03-28,2027-04-27,1400000.0,"The Valley (All Phases), Al Yufrah 1-4.pdf",30,a5fd83e39e430bd6f653cb971c11d6d87b44a5ab
Nara,"Nara, The Valley, Al Yufrah 1",Villa,3,1873.0,150000.0,12,150000.0,80.0854244527496,10.8,New,2026-03-27,2027-03-26,1400000.0,"The Valley (All Phases), Al Yufrah 1-4.pdf",35,dc0bb35286a372ce1b7f7007463fc3653657e0ea
Talia,"Talia, The Valley, Al Yufrah 1",Villa,4,2772.0,175000.0,12,175000.0,63.13131313131313,4.9,New,2026-03-27,2027-03-26,3600000.0,"The Valley (All Phases), Al Yufrah 1-4.pdf",35,e846fcfb698c97ba557abee945b53ebb09c67e78
Talia,"Talia, The Valley, Al Yufrah 1",Villa,3,1873.0,140000.0,12,140000.0,74.74639615589963,9.5,New,2026-03-26,2027-03-25,1500000.0,"The Valley (All Phases), Al Yufrah 1-4.pdf",37,39a8b3fe73335d72d5b09ed96ba7230e75b40c6f
Eden,"Eden, The Valley, Al Yufrah 1",Villa,3,1873.0,126000.0,12,126000.0,67.27175654030967,8.7,New,2026-03-25,2027-03-24,1500000.0,"The Valley (All Phases), Al Yufrah 1-4.pdf",38,3f43126975fbfd55aeaf8804a62aaed9fb31fd9e
Eden,"Eden, The Valley, Al Yufrah 1",Villa,3,1873.0,135000.0,12,135000.0,72.07688200747464,9.5,Renewed,2026-03-25,2027-03-24,1400000.0,"The Valley (All Phases), Al Yufrah 1-4.pdf",36,f084432541ce902980bd099ff1cfef95e49df00d
Nara,"Nara, The Valley, Al Yufrah 1",Villa,4,2772.0,170000.0,12,170000.0,61.32756132756133,5.0,New,2026-03-23,2027-03-22,3400000.0,"The Valley (All Phases), Al Yufrah 1-4.pdf",35,7bda1c716ca8903bb269d00a22cd62820710ffea
Talia,"Talia, The Valley, Al Yufrah 1",Villa,4,2750.0,170000.0,12,170000.0,61.81818181818182,4.9,New,2026-03-23,2027-03-17,3500000.0,"The Valley (All Phases), Al Yufrah 1-4.pdf",36,95d8f97b9b28cb781232fb2a793b5c56d831839e
Nara,"Nara, The Valley, Al Yufrah 1",Villa,3,1873.0,140000.0,12,140000.0,74.74639615589963,5.1,New,2026-03-20,2027-03-19,2800000.0,"The Valley (All Phases), Al Yufrah 1-4.pdf",37,23b8ab50206207d6481e3f9c36c5b233b1acaac6
Nara,"Nara, The Valley, Al Yufrah 1",Villa,3,1873.0,135000.0,12,135000.0,72.07688200747464,12.9,New,2026-03-20,2027-03-19,1100000.0,"The Valley (All Phases), Al Yufrah 1-4.pdf",36,ba5a1801a6fdd77c4ee6b3d141aa874ce60bb552
Orania,"Orania, The Valley, Al Yufrah 1",Villa,3,1889.0,140000.0,12,140000.0,74.11328745367919,5.8,New,2026-03-20,2027-03-19,2400000.0,"The Valley (All Phases), Al Yufrah 1-4.pdf",36,9449b1472975474de149387150dbb8f21cc594f0
Eden,"Eden, The Valley, Al Yufrah 1",Villa,3,1873.0,125000.0,12,125000.0,66.73785371062466,10.6,New,2026-03-20,2027-03-19,1200000.0,"The Valley (All Phases), Al Yufrah 1-4.pdf",36,03f97568b2d34fa1c79ca45f0ee506153166fda7
Orania,"Orania, The Valley, Al Yufrah 1",Villa,3,1873.0,145000.0,12,145000.0,77.41591030432461,5.1,New,2026-03-20,2027-03-19,2900000.0,"The Valley (All Phases), Al Yufrah 1-4.pdf",36,38bfb59da773698c682ae3d622cba5c60dca30e8
Orania,"Orania, The Valley, Al Yufrah 1",Villa,3,1873.0,130000.0,12,130000.0,69.40736785904966,5.3,New,2026-03-20,2027-03-19,2500000.0,"The Valley (All Phases), Al Yufrah 1-4.pdf",37,c9e3bf80d8acf8cdcc474b43f5fc958b9b551c0e
Orania,"Orania, The Valley, Al Yufrah 1",Villa,3,1873.0,135000.0,12,135000.0,72.07688200747464,5.4,New,2026-03-20,2027-03-19,2500000.0,"The Valley (All Phases), Al Yufrah 1-4.pdf",37,315796dc96f773cdc4120ecf9fee7ce42deadc9e
Eden,"Eden, The Valley, Al Yufrah 1",Villa,3,1873.0,135000.0,12,135000.0,72.07688200747464,11.3,New,2026-03-20,2027-03-19,1200000.0,"The Valley (All Phases), Al Yufrah 1-4.pdf",37,00445ee2cdee7dbd39a73837eca497a349c5d6db
Nara,"Nara, The Valley, Al Yufrah 1",Villa,3,1873.0,140000.0,12,140000.0,74.74639615589963,5.1,New,2026-03-20,2027-03-19,2800000.0,"The Valley (All Phases), Al Yufrah 1-4.pdf",7,8a47fb2be6838b65b34a8b153fb16e9ceec1c8c7
Eden,"Eden, The Valley, Al Yufrah 1",Villa,3,1873.0,135000.0,12,135000.0,72.07688200747464,11.2,Renewed,2026-03-18,2027-03-17,1200000.0,"The Valley (All Phases), Al Yufrah 1-4.pdf",36,480f91b63ee6d856cb8d90bfecb6aba317018614
Orania,"Orania, The Valley, Al Yufrah 1",Villa,3,1873.0,135000.0,12,135000.0,72.07688200747464,7.5,New,2026-03-18,2027-03-17,1800000.0,"The Valley (All Phases), Al Yufrah 1-4.pdf",36,6f7d29e10b022d6f487725cc6e1d4842b32d2b65
Eden,"Eden, The Valley, Al Yufrah 1",Villa,3,1873.0,132000.0,12,132000.0,70.47517351841965,9.1,Renewed,2026-03-17,2027-03-16,1500000.0,"The Valley (All Phases), Al Yufrah 1-4.pdf",36,6f2e298b885c41b80209ef90ccc4edb1156bac9b
Eden,"Eden, The Valley, Al Yufrah 1",Villa,3,1873.0,130000.0,12,130000.0,69.40736785904966,10.4,Renewed,2026-03-17,2027-03-16,1300000.0,"The Valley (All Phases), Al Yufrah 1-4.pdf",35,4beac59545a8d61133b78fe9da9cde6dc0870ca7
Orania,"Orania, The Valley, Al Yufrah 1",Villa,3,1873.0,128000.0,12,128000.0,68.33956219967966,8.2,New,2026-03-17,2027-03-16,1600000.0,"The Valley (All Phases), Al Yufrah 1-4.pdf",36,f4907c2ed366107d323a1f393abf511dc53ad7f6
Orania,"Orania, The Valley, Al Yufrah 1",Villa,3,1873.0,135000.0,12,135000.0,72.07688200747464,5.5,New,2026-03-17,2027-03-16,2500000.0,"The Valley (All Phases), Al Yufrah 1-4.pdf",38,8a45a7fee5d9e8c1a40585dec51487b63adb8f78
Talia,"Talia, The Valley, Al Yufrah 1",Villa,4,2772.0,180000.0,12,180000.0,64.93506493506493,9.7,New,2026-03-16,2027-03-15,1900000.0,"The Valley (All Phases), Al Yufrah 1-4.pdf",37,cab7c5e1db80143ead4551956d491190f03203ff
Orania,"Orania, The Valley, Al Yufrah 1",Villa,3,1873.0,135000.0,12,135000.0,72.07688200747464,5.1,New,2026-03-16,2027-03-15,2700000.0,"The Valley (All Phases), Al Yufrah 1-4.pdf",35,2ea0adb1467f4ea9926e1298ceaa4603f06ffc15
Nara,"Nara, The Valley, Al Yufrah 1",Villa,3,1873.0,145000.0,12,145000.0,77.41591030432461,5.2,New,2026-03-14,2027-03-13,2800000.0,"The Valley (All Phases), Al Yufrah 1-4.pdf",37,4913653475bc771f9b38ab34903068158382e0d1
Orania,"Orania, The Valley, Al Yufrah 1",Villa,3,1873.0,140000.0,12,140000.0,74.74639615589963,9.1,New,2026-03-12,2027-03-11,1500000.0,"The Valley (All Phases), Al Yufrah 1-4.pdf",37,80c7a64000a361e8d1272178de621cf5c450657b
Orania,"Orania, The Valley, Al Yufrah 1",Villa,3,1904.0,140000.0,12,140000.0,73.52941176470588,8.8,New,2026-03-10,2027-03-09,1600000.0,"The Valley (All Phases), Al Yufrah 1-4.pdf",38,95f486cc7370427f52de728bb13c8a6fe8956907
Talia,"Talia, The Valley, Al Yufrah 1",Villa,3,1889.0,145000.0,12,145000.0,76.76019057702489,5.5,New,2026-03-10,2027-03-09,2600000.0,"The Valley (All Phases), Al Yufrah 1-4.pdf",37,bbd6f081d1442fed5aad8db5a769fd88e6112071
Talia,"Talia, The Valley, Al Yufrah 1",Villa,3,1873.0,150000.0,12,150000.0,80.0854244527496,5.9,New,2026-03-10,2027-03-09,2600000.0,"The Valley (All Phases), Al Yufrah 1-4.pdf",37,844ad038af64f13e91ae7fbd36cf134981db2da8
Talia,"Talia, The Valley, Al Yufrah 1",Villa,3,1873.0,135000.0,12,135000.0,72.07688200747464,9.1,New,2026-03-10,2027-03-09,1500000.0,"The Valley (All Phases), Al Yufrah 1-4.pdf",38,66d0b92489ad23a78321708611ed94fd454d8175
Nara,"Nara, The Valley, Al Yufrah 1",Villa,4,2762.0,190000.0,12,190000.0,68.79073135409124,10.8,New,2026-03-10,2027-03-09,1800000.0,"The Valley (All Phases), Al Yufrah 1-4.pdf",40,15126aba223e8042bd5c5471a6f33af172405882
Orania,"Orania, The Valley, Al Yufrah 1",Villa,3,1873.0,140000.0,12,140000.0,74.74639615589963,9.1,New,2026-03-09,2027-03-08,1500000.0,"The Valley (All Phases), Al Yufrah 1-4.pdf",37,85b58bb39dc278da50c633a0c187f87fa3ba5ea2
Talia,"Talia, The Valley, Al Yufrah 1",Villa,4,2772.0,175000.0,12,175000.0,63.13131313131313,5.0,New,2026-03-08,2027-03-07,3500000.0,"The Valley (All Phases), Al Yufrah 1-4.pdf",38,331271b5b4755affd2e3d3542d5c0a74d6beaddf
Nara,"Nara, The Valley, Al Yufrah 1",Villa,3,1873.0,150000.0,12,150000.0,80.0854244527496,5.1,New,2026-03-07,2027-03-06,3000000.0,"The Valley (All Phases), Al Yufrah 1-4.pdf",38,feddeeb0fe57c1f1e61c8f66e27e6b8d09e5cc4c
Talia,"Talia, The Valley, Al Yufrah 1",Villa,3,1873.0,142000.0,12,142000.0,75.81420181526963,9.1,New,2026-03-07,2027-03-06,1600000.0,"The Valley (All Phases), Al Yufrah 1-4.pdf",37,f14de37c5fece2c75abb44dacc0c82ef15548ab0
Orania,"Orania, The Valley, Al Yufrah 1",Villa,3,1873.0,140000.0,12,140000.0,74.74639615589963,6.5,New,2026-03-06,2027-03-05,2100000.0,"The Valley (All Phases), Al Yufrah 1-4.pdf",39,f229f404b35568c6978be9a8961e3c0941436345
Eden,"Eden, The Valley, Al Yufrah 1",Villa,3,1909.0,135000.0,12,135000.0,70.71765322158198,5.4,New,2026-03-06,2027-03-05,2500000.0,"The Valley (All Phases), Al Yufrah 1-4.pdf",38,b4e04dfa46c2771bfed89e6af5a29a9798549b25
Orania,"Orania, The Valley, Al Yufrah 1",Villa,3,1873.0,140000.0,12,140000.0,74.74639615589963,9.3,New,2026-03-05,2027-03-04,1500000.0,"The Valley (All Phases), Al Yufrah 1-4.pdf",39,bcc4557e2decf7cdb613e3974c81104b39072d82
Orania,"Orania, The Valley, Al Yufrah 1",Villa,3,1873.0,135000.0,12,135000.0,72.07688200747464,8.8,New,2026-03-04,2027-03-03,1500000.0,"The Valley (All Phases), Al Yufrah 1-4.pdf",38,cca3fb043862f49f948a6191554dc2f69f474430
Orania,"Orania, The Valley, Al Yufrah 1",Villa,3,1873.0,140000.0,12,140000.0,74.74639615589963,7.4,New,2026-03-03,2027-03-02,1900000.0,"The Valley (All Phases), Al Yufrah 1-4.pdf",38,e2f254e63539a037ddce350ced8c9316d58f7bf4
Talia,"Talia, The Valley, Al Yufrah 1",Villa,3,1873.0,140000.0,12,140000.0,74.74639615589963,5.0,New,2026-03-03,2027-03-02,2800000.0,"The Valley (All Phases), Al Yufrah 1-4.pdf",38,7d8589e681aae6231852cb4e14b209963e71dc41
Talia,"Talia, The Valley, Al Yufrah 1",Villa,3,1873.0,150000.0,12,150000.0,80.0854244527496,8.6,New,2026-03-01,2027-02-28,1800000.0,"The Valley (All Phases), Al Yufrah 1-4.pdf",39,6bde83e5ad6e16d55645ef0bbe36c494c234b434
Nara,"Nara, The Valley, Al Yufrah 1",Villa,3,1873.0,140000.0,12,140000.0,74.74639615589963,4.9,New,2026-03-01,2027-02-28,2900000.0,"The Valley (All Phases), Al Yufrah 1-4.pdf",39,01c9ea2054de39c2d99a8dc86996cf1dcac0a67d
Orania,"Orania, The Valley, Al Yufrah 1",Villa,3,1873.0,135000.0,12,135000.0,72.07688200747464,8.8,New,2026-03-01,2027-02-28,1500000.0,"The Valley (All Phases), Al Yufrah 1-4.pdf",39,61f2133c98ed16116c24214e4042977cc5723c91
Eden,"Eden, The Valley, Al Yufrah 1",Villa,3,1873.0,135000.0,12,135000.0,72.07688200747464,11.1,New,2026-03-01,2027-02-28,1200000.0,"The Valley (All Phases), Al Yufrah 1-4.pdf",38,ec5271cf751eff668b6a52fba6cfdd2b6a850982
Nara,"Nara, The Valley, Al Yufrah 1",Villa,3,1873.0,175000.0,12,175000.0,93.43299519487454,6.3,New,2026-03-01,2027-02-28,2800000.0,"The Valley (All Phases), Al Yufrah 1-4.pdf",38,4831bf923a7264a77b03d5aaf571482aa038ea5b
Orania,"Orania, The Valley, Al Yufrah 1",Villa,3,1873.0,135000.0,12,135000.0,72.07688200747464,8.6,New,2026-03-01,2027-02-28,1600000.0,"The Valley (All Phases), Al Yufrah 1-4.pdf",39,ad08572e2fbb40b15f615994d7713bb4a2ff57ac
Nara,"Nara, The Valley, Al Yufrah 1",Villa,3,1873.0,145000.0,12,145000.0,77.41591030432461,9.7,New,2026-03-01,2027-02-28,1500000.0,"The Valley (All Phases), Al Yufrah 1-4.pdf",40,23c293db68bd0cf28695bb10086f6b1226d737fc
Orania,"Orania, The Valley, Al Yufrah 1",Villa,4,3015.0,170000.0,12,170000.0,56.38474295190713,7.8,New,2026-03-01,2027-02-28,2200000.0,"The Valley (All Phases), Al Yufrah 1-4.pdf",40,afa6972d76b2ec668d128ec58872453e5a158ed0
Orania,"Orania, The Valley, Al Yufrah 1",Villa,3,1873.0,130000.0,12,130000.0,69.40736785904966,8.3,New,2026-03-01,2027-02-28,1600000.0,"The Valley (All Phases), Al Yufrah 1-4.pdf",40,9f56c419ceda971ac103d5a5a7cf264d578b01c0
Eden,"Eden, The Valley, Al Yufrah 1",Villa,3,1898.0,136500.0,12,136500.0,71.91780821917808,7.6,Renewed,2026-03-01,2027-02-28,1800000.0,"The Valley (All Phases), Al Yufrah 1-4.pdf",43,2e85cda83b87a5467b7257005c0189c116cc7e3a
Nara,"Nara, The Valley, Al Yufrah 1",Villa,3,1873.0,145000.0,12,145000.0,77.41591030432461,5.6,New,2026-02-28,2027-02-27,2600000.0,"The Valley (All Phases), Al Yufrah 1-4.pdf",42,965042dafb8e7fb2e0ef3a34bb70681e27b60f6e
Talia,"Talia, The Valley, Al Yufrah 1",Villa,4,2772.0,210000.0,12,210000.0,75.75757575757575,10.4,New,2026-02-28,2027-02-27,2000000.0,"The Valley (All Phases), Al Yufrah 1-4.pdf",33,e869a640383fc851a035c39ee7525d2b5e9d01ae
Nara,"Nara, The Valley, Al Yufrah 1",Villa,4,2773.0,175000.0,12,175000.0,63.10854670032456,4.9,New,2026-02-28,2027-02-27,3600000.0,"The Valley (All Phases), Al Yufrah 1-4.pdf",38,6d4bb21009c32f33d78d654e4a7c9d438102b21d
Eden,"Eden, The Valley, Al Yufrah 1",Villa,4,2803.0,170000.0,12,170000.0,60.64930431680342,10.1,New,2026-02-28,2027-02-27,1700000.0,"The Valley (All Phases), Al Yufrah 1-4.pdf",40,51a11e04d5b340f7436abef1db989b58ec252ab4
Nara,"Nara, The Valley, Al Yufrah 1",Villa,3,1873.0,140000.0,12,140000.0,74.74639615589963,4.9,New,2026-02-28,2027-02-27,2900000.0,"The Valley (All Phases), Al Yufrah 1-4.pdf",39,11ac01dc8ab074332377bd9235e316936041033e
Orania,"Orania, The Valley, Al Yufrah 1",Villa,3,1873.0,140000.0,12,140000.0,74.74639615589963,9.3,New,2026-02-28,2027-02-27,1500000.0,"The Valley (All Phases), Al Yufrah 1-4.pdf",39,9d61fe2380a874d68f73dde6793b173c894aca2e
Orania,"Orania, The Valley, Al Yufrah 1",Villa,4,2809.0,175000.0,12,175000.0,62.2997508009968,8.9,New,2026-02-26,2027-02-25,2000000.0,"The Valley (All Phases), Al Yufrah 1-4.pdf",39,06f442c3ae4aef8a1d2893ba11de959c6f7eac22
Orania,"Orania, The Valley, Al Yufrah 1",Villa,3,1904.0,140000.0,12,140000.0,73.52941176470588,9.0,New,2026-02-26,2027-02-25,1600000.0,"The Valley (All Phases), Al Yufrah 1-4.pdf",39,7451743e18ba8f4ba1a91327cee466d5287a1b08
Eden,"Eden, The Valley, Al Yufrah 1",Villa,4,2798.0,175000.0,12,175000.0,62.544674767691205,11.5,New,2026-02-26,2027-02-25,1500000.0,"The Valley (All Phases), Al Yufrah 1-4.pdf",39,3718376eb5e28afecd901f642799581446d730a6
Eden,"Eden, The Valley, Al Yufrah 1",Villa,3,1873.0,140000.0,12,140000.0,74.74639615589963,10.8,New,2026-02-24,2027-02-23,1300000.0,"The Valley (All Phases), Al Yufrah 1-4.pdf",40,b413a69abe73114ab2bdb203756b5e85c7e1d5bb
Orania,"Orania, The Valley, Al Yufrah 1",Villa,3,1873.0,300000.0,24,150000.0,80.0854244527496,19.0,New,2026-02-23,2028-02-22,1600000.0,"The Valley (All Phases), Al Yufrah 1-4.pdf",42,eb1651629898860236c2b9e73624de9cb91696ef
Orania,"Orania, The Valley, Al Yufrah 1",Villa,4,3104.0,190000.0,12,190000.0,61.21134020618557,8.0,New,2026-02-23,2027-02-22,2400000.0,"The Valley (All Phases), Al Yufrah 1-4.pdf",39,5245d223fc565b0dfb3e39f5f4426d87036f9866
Nara,"Nara, The Valley, Al Yufrah 1",Villa,3,1873.0,150000.0,12,150000.0,80.0854244527496,10.7,Renewed,2026-02-22,2027-02-21,1400000.0,"The Valley (All Phases), Al Yufrah 1-4.pdf",40,9ad7f12b614627985bf80555606e15681e4a8bab
Nara,"Nara, The Valley, Al Yufrah 1",Villa,3,1873.0,130000.0,12,130000.0,69.40736785904966,8.5,New,2026-02-22,2027-02-21,1500000.0,"The Valley (All Phases), Al Yufrah 1-4.pdf",41,e243f2ffe9b608891d1b7124cc022fe2b33f5377
Nara,"Nara, The Valley, Al Yufrah 1",Villa,3,1873.0,135000.0,12,135000.0,72.07688200747464,10.0,New,2026-02-21,2027-02-20,1300000.0,"The Valley (All Phases), Al Yufrah 1-4.pdf",41,8c588c45893bcf8f922c40bd68abd30eecaea3b2
Talia,"Talia, The Valley, Al Yufrah 1",Villa,4,2750.0,190000.0,12,190000.0,69.0909090909091,6.7,New,2026-02-20,2027-02-19,2900000.0,"The Valley (All Phases), Al Yufrah 1-4.pdf",41,223509833b1c275c11eaf8520be59d5009df9ef1
Orania,"Orania, The Valley, Al Yufrah 1",Villa,3,1873.0,150000.0,12,150000.0,80.0854244527496,8.7,New,2026-02-20,2027-02-19,1700000.0,"The Valley (All Phases), Al Yufrah 1-4.pdf",41,07b7cca9e36112afab1fe33853160345e100a0f1
Talia,"Talia, The Valley, Al Yufrah 1",Villa,3,1873.0,130000.0,12,130000.0,69.40736785904966,8.8,New,2026-02-20,2027-02-19,1500000.0,"The Valley (All Phases), Al Yufrah 1-4.pdf",40,fa813db9cf318d92ccb6856c60e700ec85ee63d0
Eden,"Eden, The Valley, Al Yufrah 1",Villa,4,2803.0,170000.0,12,170000.0,60.64930431680342,11.0,New,2026-02-20,2027-02-19,1500000.0,"The Valley (All Phases), Al Yufrah 1-4.pdf",34,cbc69fc05e16095a22dd153ccce3cd5d5bd17c15
Nara,"Nara, The Valley, Al Yufrah 1",Villa,3,1873.0,130000.0,12,130000.0,69.40736785904966,9.6,New,2026-02-20,2027-02-19,1400000.0,"The Valley (All Phases), Al Yufrah 1-4.pdf",40,045d0b09f9d33633fc1bfc791b0759258ab2fdb2
Talia,"Talia, The Valley, Al Yufrah 1",Villa,3,1873.0,140000.0,12,140000.0,74.74639615589963,6.6,New,2026-02-19,2027-02-18,2100000.0,"The Valley (All Phases), Al Yufrah 1-4.pdf",40,fd98e1c6960d745517197d49da9e3118206c3b21
Orania,"Orania, The Valley, Al Yufrah 1",Villa,3,1873.0,135000.0,13,124615.38461538461,66.53250646843813,9.0,New,2026-02-18,2027-02-18,1500000.0,"The Valley (All Phases), Al Yufrah 1-4.pdf",41,3b544323ef136bc3387e6d6e8efabeeaa703d49c
Orania,"Orania, The Valley, Al Yufrah 1",Villa,3,1904.0,140000.0,12,140000.0,73.52941176470588,7.9,New,2026-02-17,2027-02-16,1800000.0,"The Valley (All Phases), Al Yufrah 1-4.pdf",41,e57f8821dc8122c72d9a91aa8b2af77715e25330
Talia,"Talia, The Valley, Al Yufrah 1",Villa,3,1873.0,145000.0,12,145000.0,77.41591030432461,6.9,New,2026-02-16,2027-02-15,2100000.0,"The Valley (All Phases), Al Yufrah 1-4.pdf",41,1619b9a9bf36e55b5418ccb940ec70c200321a0c
Eden,"Eden, The Valley, Al Yufrah 1",Villa,3,1873.0,135000.0,12,135000.0,72.07688200747464,5.3,New,2026-02-15,2027-02-14,2500000.0,"The Valley (All Phases), Al Yufrah 1-4.pdf",42,f268ee864666073437fa3e758fdd82816e886999
Nara,"Nara, The Valley, Al Yufrah 1",Villa,3,1873.0,145000.0,12,145000.0,77.41591030432461,5.0,New,2026-02-15,2027-02-14,2900000.0,"The Valley (All Phases), Al Yufrah 1-4.pdf",40,904ec68e05bd7ad790de34bc43e00e3d5bb1dc64
Talia,"Talia, The Valley, Al Yufrah 1",Villa,3,1873.0,270000.0,24,135000.0,72.07688200747464,18.1,New,2026-02-15,2028-02-14,1500000.0,"The Valley (All Phases), Al Yufrah 1-4.pdf",43,de8e2601ad150abedf58aba82e9d720deae182b8
Eden,"Eden, The Valley, Al Yufrah 1",Villa,3,1873.0,135000.0,12,135000.0,72.07688200747464,10.9,Renewed,2026-02-15,2027-02-14,1200000.0,"The Valley (All Phases), Al Yufrah 1-4.pdf",34,3ac6cb3e33da616efbfc1286570e35ff3e701567
Nara,"Nara, The Valley, Al Yufrah 1",Villa,3,1873.0,135000.0,12,135000.0,72.07688200747464,8.4,New,2026-02-15,2027-02-14,1600000.0,"The Valley (All Phases), Al Yufrah 1-4.pdf",41,6cc653b0da8bb63a5c68144d44020c86ce1f853d
Talia,"Talia, The Valley, Al Yufrah 1",Villa,4,2799.0,173000.0,12,173000.0,61.80778849589139,9.2,New,2026-02-15,2027-02-14,1900000.0,"The Valley (All Phases), Al Yufrah 1-4.pdf",42,a4118aa76b9e54d304327b0758984ad6f9f773cc
Nara,"Nara, The Valley, Al Yufrah 1",Villa,3,1873.0,135000.0,12,135000.0,72.07688200747464,5.2,New,2026-02-15,2027-02-14,2600000.0,"The Valley (All Phases), Al Yufrah 1-4.pdf",43,f06fd6b966e3937cfb64ca2859a6495e7a5df67a
Orania,"Orania, The Valley, Al Yufrah 1",Villa,3,1873.0,135000.0,12,135000.0,72.07688200747464,8.8,New,2026-02-15,2027-02-14,1500000.0,"The Valley (All Phases), Al Yufrah 1-4.pdf",42,f3335c57bef6b739aa19f2900dc80c07dced339d
Eden,"Eden, The Valley, Al Yufrah 1",Villa,4,2772.0,175000.0,12,175000.0,63.13131313131313,11.6,Renewed,2026-02-14,2027-02-13,1500000.0,"The Valley (All Phases), Al Yufrah 1-4.pdf",40,ad9d8e58b1806b9e8cd04c097e796adbe4de6160
Nara,"Nara, The Valley, Al Yufrah 1",Villa,4,2772.0,165000.0,12,165000.0,59.523809523809526,9.2,New,2026-02-14,2027-02-13,1800000.0,"The Valley (All Phases), Al Yufrah 1-4.pdf",42,1cfa4fcc6111d8ce6f00614c736e701d0d0ff202
Talia,"Talia, The Valley, Al Yufrah 1",Villa,3,1894.0,140000.0,12,140000.0,73.91763463569166,9.4,New,2026-02-13,2027-02-12,1500000.0,"The Valley (All Phases), Al Yufrah 1-4.pdf",37,01fc0ccc10768d9260e9f3b1fedfc35d83b10b84
Nara,"Nara, The Valley, Al Yufrah 1",Villa,4,2772.0,175000.0,12,175000.0,63.13131313131313,10.3,New,2026-02-13,2027-02-12,1700000.0,"The Valley (All Phases), Al Yufrah 1-4.pdf",41,a73488add1666bffe09ad2a23d6186320df42504
Talia,"Talia, The Valley, Al Yufrah 1",Villa,3,1873.0,140000.0,12,140000.0,74.74639615589963,6.3,New,2026-02-13,2027-02-12,2200000.0,"The Valley (All Phases), Al Yufrah 1-4.pdf",42,a72ae6359beb1daa0ae5d4ea521b2773d73d626b
Orania,"Orania, The Valley, Al Yufrah 1",Villa,3,1873.0,135000.0,12,135000.0,72.07688200747464,6.7,New,2026-02-12,2027-02-11,2000000.0,"The Valley (All Phases), Al Yufrah 1-4.pdf",43,2bb29acef52c87e6ad00ff244c565bf8bcbca6c1
Orania,"Orania, The Valley, Al Yufrah 1",Villa,3,1873.0,435000.0,36,145000.0,77.41591030432461,19.3,New,2026-02-12,2029-02-11,2300000.0,"The Valley (All Phases), Al Yufrah 1-4.pdf",42,7003957dd303eea2d3f2cc192b8fbbbe4fd86ec2
Nara,"Nara, The Valley, Al Yufrah 1",Villa,4,2772.0,185000.0,12,185000.0,66.73881673881674,5.4,New,2026-02-12,2027-02-11,3400000.0,"The Valley (All Phases), Al Yufrah 1-4.pdf",42,6e09715af5b7ec51eaedb5f8696a05ac6a51f1d4
Nara,"Nara, The Valley, Al Yufrah 1",Villa,3,1873.0,140000.0,12,140000.0,74.74639615589963,5.2,New,2026-02-12,2027-02-11,2700000.0,"The Valley (All Phases), Al Yufrah 1-4.pdf",42,bf6bd80da07070012371af68ded43c4bddeead6a
Orania,"Orania, The Valley, Al Yufrah 1",Villa,3,1904.0,125000.0,12,125000.0,65.65126050420169,8.0,New,2026-02-10,2027-02-09,1600000.0,"The Valley (All Phases), Al Yufrah 1-4.pdf",42,0cb1d3eee269dd98fd875bf49842c8cc38c33985
Orania,"Orania, The Valley, Al Yufrah 1",Villa,4,2797.0,180000.0,12,180000.0,64.35466571326421,9.0,New,2026-02-10,2027-02-09,2000000.0,"The Valley (All Phases), Al Yufrah 1-4.pdf",46,fbe6626dc16db003155f625353b58029459ca524
Nara,"Nara, The Valley, Al Yufrah 1",Villa,3,1873.0,132000.0,12,132000.0,70.47517351841965,9.6,New,2026-02-10,2027-02-09,1400000.0,"The Valley (All Phases), Al Yufrah 1-4.pdf",42,8003584913798f66e39e3eb8532eb9b170bede25
Orania,"Orania, The Valley, Al Yufrah 1",Villa,4,3793.0,210000.0,12,210000.0,55.36514632217242,6.8,New,2026-02-09,2027-02-08,3100000.0,"The Valley (All Phases), Al Yufrah 1-4.pdf",42,203d4b5044e84ed561cd8692c18e2fad432b67df
Talia,"Talia, The Valley, Al Yufrah 1",Villa,4,2750.0,170000.0,12,170000.0,61.81818181818182,9.2,New,2026-02-06,2027-02-05,1800000.0,"The Valley (All Phases), Al Yufrah 1-4.pdf",43,5ec4ffb56f1ec2fcba44fa0e0edee64350befe16
Talia,"Talia, The Valley, Al Yufrah 1",Villa,3,1873.0,140000.0,12,140000.0,74.74639615589963,5.1,New,2026-02-05,2027-02-04,2800000.0,"The Valley (All Phases), Al Yufrah 1-4.pdf",43,7b7da0093e896b7e7efe9ce3eb4572820c6f68f7
Nara,"Nara, The Valley, Al Yufrah 1",Villa,3,1873.0,140000.0,12,140000.0,74.74639615589963,9.8,New,2026-02-05,2027-02-04,1400000.0,"The Valley (All Phases), Al Yufrah 1-4.pdf",43,1faaa7495d122944493cec61a34be389c5ec0ff8
Nara,"Nara, The Valley, Al Yufrah 1",Villa,3,1873.0,140000.0,12,140000.0,74.74639615589963,9.4,New,2026-02-05,2027-02-04,1500000.0,"The Valley (All Phases), Al Yufrah 1-4.pdf",43,ef0dcbd2a41597f99c0204b5d6620a520b02aa22
Talia,"Talia, The Valley, Al Yufrah 1",Villa,3,1873.0,120000.0,12,120000.0,64.06833956219968,8.1,New,2026-02-05,2027-02-04,1500000.0,"The Valley (All Phases), Al Yufrah 1-4.pdf",43,bb41511f54b6885f026c6b9b06949ce26e353578
Nara,"Nara, The Valley, Al Yufrah 1",Villa,4,2750.0,180000.0,12,180000.0,65.45454545454545,5.3,New,2026-02-04,2027-02-03,3400000.0,"The Valley (All Phases), Al Yufrah 1-4.pdf",43,c29906f561363532ae10dce9dfad8b80e3aac1ce
Eden,"Eden, The Valley, Al Yufrah 1",Villa,3,1873.0,200000.0,12,200000.0,106.78056593699947,8.7,New,2026-02-03,2027-02-02,2300000.0,"The Valley (All Phases), Al Yufrah 1-4.pdf",9,e2c0f14301651fc3ef2b9f755d12d8aaa362b4e3
Orania,"Orania, The Valley, Al Yufrah 1",Villa,3,1873.0,145000.0,12,145000.0,77.41591030432461,9.2,New,2026-02-02,2027-02-01,1600000.0,"The Valley (All Phases), Al Yufrah 1-4.pdf",44,8b2be8345e4b87cbc92f8de3bb8ce8395a06c924
Nara,"Nara, The Valley, Al Yufrah 1",Villa,3,1873.0,140000.0,12,140000.0,74.74639615589963,9.7,New,2026-02-01,2027-01-31,1400000.0,"The Valley (All Phases), Al Yufrah 1-4.pdf",47,72bfa90e9285df9fd47c51b353a3916fa63f5c12
Talia,"Talia, The Valley, Al Yufrah 1",Villa,3,1873.0,140000.0,12,140000.0,74.74639615589963,9.2,New,2026-02-01,2027-01-31,1500000.0,"The Valley (All Phases), Al Yufrah 1-4.pdf",44,9859281087601eb5e8827bc9ed6d89dc822d87cb
Nara,"Nara, The Valley, Al Yufrah 1",Villa,4,2750.0,170000.0,12,170000.0,61.81818181818182,9.7,New,2026-02-01,2027-01-31,1700000.0,"The Valley (All Phases), Al Yufrah 1-4.pdf",43,72917e28b70f1a65defeadfaf1e13478d6c25fab
Nara,"Nara, The Valley, Al Yufrah 1",Villa,3,1904.0,140000.0,12,140000.0,73.52941176470588,5.4,New,2026-02-01,2027-01-31,2600000.0,"The Valley (All Phases), Al Yufrah 1-4.pdf",41,fd4adeb01dbea16255a8509007a3fb616a3677d1
Nara,"Nara, The Valley, Al Yufrah 1",Villa,3,1873.0,140000.0,12,140000.0,74.74639615589963,9.4,New,2026-02-01,2027-01-31,1500000.0,"The Valley (All Phases), Al Yufrah 1-4.pdf",43,de220f8816ba6ed9e695945f9b39ace9adfadf63
Nara,"Nara, The Valley, Al Yufrah 1",Villa,3,1873.0,150000.0,12,150000.0,80.0854244527496,10.9,New,2026-02-01,2027-01-31,1400000.0,"The Valley (All Phases), Al Yufrah 1-4.pdf",47,08795d9413a548dbae89babaee06b60316704d6e
Nara,"Nara, The Valley, Al Yufrah 1",Villa,3,1904.0,138000.0,12,138000.0,72.47899159663865,10.0,New,2026-02-01,2027-01-31,1400000.0,"The Valley (All Phases), Al Yufrah 1-4.pdf",43,ec9a13b6efb4150270e7c3094602357f56001464
Nara,"Nara, The Valley, Al Yufrah 1",Villa,3,1873.0,145000.0,12,145000.0,77.41591030432461,10.3,Renewed,2026-02-01,2027-01-31,1400000.0,"The Valley (All Phases), Al Yufrah 1-4.pdf",41,59959be1a10807f8140c138675252efec3f6896b
Orania,"Orania, The Valley, Al Yufrah 1",Villa,3,1873.0,140000.0,12,140000.0,74.74639615589963,8.2,New,2026-02-01,2027-01-31,1700000.0,"The Valley (All Phases), Al Yufrah 1-4.pdf",44,e1ba4b121ef7ef33c2c822bae5a9394478a8f82d
Nara,"Nara, The Valley, Al Yufrah 1",Villa,3,1873.0,130000.0,12,130000.0,69.40736785904966,8.7,New,2026-02-01,2027-01-31,1500000.0,"The Valley (All Phases), Al Yufrah 1-4.pdf",45,fccb1400f102c39810c8f2421d9ae8a8ef9f8625
Nara,"Nara, The Valley, Al Yufrah 1",Villa,3,1873.0,290000.0,24,145000.0,77.41591030432461,16.8,New,2026-02-01,2028-01-31,1700000.0,"The Valley (All Phases), Al Yufrah 1-4.pdf",45,84eccd760fd7664574bd8868adc6fad6f42cc7dd
Nara,"Nara, The Valley, Al Yufrah 1",Villa,3,1873.0,145000.0,12,145000.0,77.41591030432461,8.3,New,2026-02-01,2027-01-31,1800000.0,"The Valley (All Phases), Al Yufrah 1-4.pdf",44,99277c5a7f4e2fe75cf394a8a144dc35f295ed77
Talia,"Talia, The Valley, Al Yufrah 1",Villa,3,1887.0,140000.0,12,140000.0,74.19183889772125,5.0,New,2026-02-01,2027-01-31,2800000.0,"The Valley (All Phases), Al Yufrah 1-4.pdf",45,efe5d4ae3c812569c77e646c01bfd2f34407bc3f
Eden,"Eden, The Valley, Al Yufrah 1",Villa,3,1873.0,145000.0,12,145000.0,77.41591030432461,5.8,New,2026-02-01,2027-01-31,2500000.0,"The Valley (All Phases), Al Yufrah 1-4.pdf",44,44f42c4b1d4145d41b69f79223d3f0fc41402505
Orania,"Orania, The Valley, Al Yufrah 1",Villa,3,1873.0,130000.0,12,130000.0,69.40736785904966,8.5,New,2026-02-01,2027-01-31,1500000.0,"The Valley (All Phases), Al Yufrah 1-4.pdf",44,f7306fe07d617d429023cdd7a324802fc4a4dfbc
Orania,"Orania, The Valley, Al Yufrah 1",Villa,3,1873.0,135000.0,12,135000.0,72.07688200747464,5.3,New,2026-01-29,2027-01-28,2500000.0,"The Valley (All Phases), Al Yufrah 1-4.pdf",44,f47690873a52fd1cc00922b454bb9a2969bb9e82
Talia,"Talia, The Valley, Al Yufrah 1",Villa,4,2842.0,164000.0,12,164000.0,57.70584095707248,8.7,New,2026-01-28,2027-01-27,1900000.0,"The Valley (All Phases), Al Yufrah 1-4.pdf",46,216d9796e7b23a7159c54aacdb83b4d9a3f6eb12
Orania,"Orania, The Valley, Al Yufrah 1",Villa,3,1873.0,135000.0,12,135000.0,72.07688200747464,8.7,New,2026-01-27,2027-01-26,1600000.0,"The Valley (All Phases), Al Yufrah 1-4.pdf",44,a2ff2e73c4ec87c72b9a98b8a73cd5737e2d6a33
Orania,"Orania, The Valley, Al Yufrah 1",Villa,3,1873.0,140000.0,12,140000.0,74.74639615589963,9.1,New,2026-01-27,2027-01-26,1500000.0,"The Valley (All Phases), Al Yufrah 1-4.pdf",44,d5f270eef51d94ae0be489cc734e19fcfb04762c
Nara,"Nara, The Valley, Al Yufrah 1",Villa,3,1873.0,140000.0,12,140000.0,74.74639615589963,9.4,New,2026-01-26,2027-01-25,1500000.0,"The Valley (All Phases), Al Yufrah 1-4.pdf",47,a87904481b143f11a4b3e9fc745430462b955d16
Orania,"Orania, The Valley, Al Yufrah 1",Villa,3,1904.0,145000.0,12,145000.0,76.15546218487395,8.8,New,2026-01-26,2027-01-25,1600000.0,"The Valley (All Phases), Al Yufrah 1-4.pdf",44,060c0eaed6f4be25230048f0b432126192d20a78
Nara,"Nara, The Valley, Al Yufrah 1",Villa,3,1873.0,140000.0,12,140000.0,74.74639615589963,9.9,New,2026-01-25,2027-01-24,1400000.0,"The Valley (All Phases), Al Yufrah 1-4.pdf",45,f47263ec4f249baf0e1d01c1252f5e9cc0f47621
Orania,"Orania, The Valley, Al Yufrah 1",Villa,3,1873.0,135000.0,12,135000.0,72.07688200747464,7.1,New,2026-01-25,2027-01-24,1900000.0,"The Valley (All Phases), Al Yufrah 1-4.pdf",45,e0fa41ab4ef7982c39d2c8e42f91f87ce4516292
Nara,"Nara, The Valley, Al Yufrah 1",Villa,3,1873.0,135000.0,12,135000.0,72.07688200747464,10.0,New,2026-01-25,2027-01-24,1300000.0,"The Valley (All Phases), Al Yufrah 1-4.pdf",45,74a47d8e1cec5d6b6fc45c3a4236a87679e6a737
Nara,"Nara, The Valley, Al Yufrah 1",Villa,4,2750.0,325000.0,24,162500.0,59.09090909090909,18.6,New,2026-01-25,2028-01-24,1700000.0,"The Valley (All Phases), Al Yufrah 1-4.pdf",44,b7766866e35da8f444d29bc4ef3cbb1c99cb7d72
Nara,"Nara, The Valley, Al Yufrah 1",Villa,3,1873.0,130000.0,12,130000.0,69.40736785904966,9.5,New,2026-01-24,2027-01-23,1400000.0,"The Valley (All Phases), Al Yufrah 1-4.pdf",45,0a718a5da9970201fa2a87b96ebe258e8829c6e5
Nara,"Nara, The Valley, Al Yufrah 1",Villa,3,1873.0,145000.0,12,145000.0,77.41591030432461,10.4,New,2026-01-24,2027-01-23,1400000.0,"The Valley (All Phases), Al Yufrah 1-4.pdf",45,3a92874dd08493eb873d5afd644d57a266566436
Orania,"Orania, The Valley, Al Yufrah 1",Villa,3,1873.0,140000.0,12,140000.0,74.74639615589963,8.8,New,2026-01-23,2027-01-22,1600000.0,"The Valley (All Phases), Al Yufrah 1-4.pdf",46,67581da38abfaa3c4c44a1f28a1d80afae9db166
Nara,"Nara, The Valley, Al Yufrah 1",Villa,4,2772.0,190000.0,12,190000.0,68.54256854256855,6.2,New,2026-01-23,2027-01-22,3100000.0,"The Valley (All Phases), Al Yufrah 1-4.pdf",45,aee4e9301863dd5466841d2f8a643ab100cb758c
Orania,"Orania, The Valley, Al Yufrah 1",Villa,3,1873.0,140000.0,12,140000.0,74.74639615589963,9.1,New,2026-01-23,2027-01-22,1500000.0,"The Valley (All Phases), Al Yufrah 1-4.pdf",46,890f378270725f061a8d19bf761548d0a2b5d86c
Nara,"Nara, The Valley, Al Yufrah 1",Villa,3,1873.0,150000.0,12,150000.0,80.0854244527496,10.0,New,2026-01-23,2027-01-22,1500000.0,"The Valley (All Phases), Al Yufrah 1-4.pdf",46,aacb8cff8a6c5f21d138e286ee77bdc0796be2a5
Talia,"Talia, The Valley, Al Yufrah 1",Villa,3,1914.0,140000.0,12,140000.0,73.14524555903866,26.7,New,2026-01-22,2027-01-21,523600.0,"The Valley (All Phases), Al Yufrah 1-4.pdf",46,5bc8c9fce6c23d988528546a5d52867cb551afc9
Talia,"Talia, The Valley, Al Yufrah 1",Villa,3,1880.0,125000.0,12,125000.0,66.48936170212765,8.5,New,2026-01-22,2027-01-21,1500000.0,"The Valley (All Phases), Al Yufrah 1-4.pdf",45,ff7a7e5b2456bdf5765bdc42d9cf6999ba0a38e7
Nara,"Nara, The Valley, Al Yufrah 1",Villa,3,1873.0,130000.0,12,130000.0,69.40736785904966,9.0,New,2026-01-22,2027-01-21,1400000.0,"The Valley (All Phases), Al Yufrah 1-4.pdf",45,95c24b5cf0a1f853a8d98fa47e9a5020b4cc631e
Eden,"Eden, The Valley, Al Yufrah 1",Villa,4,2798.0,185000.0,12,185000.0,66.11865618298785,10.1,Renewed,2026-01-21,2027-01-20,1800000.0,"The Valley (All Phases), Al Yufrah 1-4.pdf",46,7d881fbf42a33af8f919394c351fa28ba8451769
Talia,"Talia, The Valley, Al Yufrah 1",Villa,4,2772.0,150000.0,13,138461.53846153847,49.95004995004995,4.2,New,2026-01-20,2027-01-31,3600000.0,"The Valley (All Phases), Al Yufrah 1-4.pdf",46,47fe824bc7be47d1d4360126b49e565382510e68
Talia,"Talia, The Valley, Al Yufrah 1",Villa,3,1873.0,150000.0,12,150000.0,80.0854244527496,9.0,New,2026-01-20,2027-01-19,1700000.0,"The Valley (All Phases), Al Yufrah 1-4.pdf",46,2b43e57d82c21fdda3c23ad8d7a833019d045555
Talia,"Talia, The Valley, Al Yufrah 1",Villa,3,1898.0,140000.0,12,140000.0,73.76185458377239,9.3,New,2026-01-20,2027-01-19,1500000.0,"The Valley (All Phases), Al Yufrah 1-4.pdf",46,725fa972df07ac784ae055dd97557a32b30c56f3
Eden,"Eden, The Valley, Al Yufrah 1",Villa,3,1910.0,135000.0,12,135000.0,70.68062827225131,8.6,New,2026-01-20,2027-01-19,1600000.0,"The Valley (All Phases), Al Yufrah 1-4.pdf",48,66cd5355cbfe5d4cd5e78f8deabe71746b2286d9
Orania,"Orania, The Valley, Al Yufrah 1",Villa,3,1873.0,135000.0,12,135000.0,72.07688200747464,5.5,New,2026-01-19,2027-01-18,2500000.0,"The Valley (All Phases), Al Yufrah 1-4.pdf",46,d3d5f78002216199a6584ae8b353185df9aeaaba
Orania,"Orania, The Valley, Al Yufrah 1",Villa,4,2798.0,180000.0,13,166153.84615384616,59.383075823390335,8.5,New,2026-01-18,2027-01-19,2100000.0,"The Valley (All Phases), Al Yufrah 1-4.pdf",46,a58d1d8ad371088f425c14d2336a8fd39923e0c8
Orania,"Orania, The Valley, Al Yufrah 1",Villa,4,2809.0,180000.0,12,180000.0,64.07974368102528,8.4,New,2026-01-18,2027-01-17,2100000.0,"The Valley (All Phases), Al Yufrah 1-4.pdf",46,7b6f7556921d90435cc19e6e55d3d3b5823b8fee
Talia,"Talia, The Valley, Al Yufrah 1",Villa,4,2772.0,170000.0,12,170000.0,61.32756132756133,5.1,New,2026-01-15,2027-01-14,3400000.0,"The Valley (All Phases), Al Yufrah 1-4.pdf",44,155a688039582773f2ca3e0fe0d2fc50e64062d2
Orania,"Orania, The Valley, Al Yufrah 1",Villa,3,1873.0,145000.0,12,145000.0,77.41591030432461,8.7,New,2026-01-15,2027-01-14,1700000.0,"The Valley (All Phases), Al Yufrah 1-4.pdf",47,e78f8c9251611308ed75f503c4a8253ef030e2a5
Nara,"Nara, The Valley, Al Yufrah 1",Villa,3,1873.0,130000.0,12,130000.0,69.40736785904966,5.9,New,2026-01-15,2027-01-14,2200000.0,"The Valley (All Phases), Al Yufrah 1-4.pdf",47,4c68bb7e97bea1c899236a0ede02641c78a66fe8
Nara,"Nara, The Valley, Al Yufrah 1",Villa,4,2772.0,170000.0,12,170000.0,61.32756132756133,9.9,New,2026-01-15,2027-01-14,1700000.0,"The Valley (All Phases), Al Yufrah 1-4.pdf",47,c1c3b74eb7842fa80b3c8f025d199da2ec60456d
Orania,"Orania, The Valley, Al Yufrah 1",Villa,3,1873.0,135000.0,12,135000.0,72.07688200747464,8.6,New,2026-01-15,2027-01-14,1600000.0,"The Valley (All Phases), Al Yufrah 1-4.pdf",49,22657f01ad6c53b9212cdfa578b5e62469f97d7c
Nara,"Nara, The Valley, Al Yufrah 1",Villa,3,1873.0,135000.0,12,135000.0,72.07688200747464,8.9,New,2026-01-15,2027-01-14,1500000.0,"The Valley (All Phases), Al Yufrah 1-4.pdf",47,bb3721f2f90eb17051c8d45fa2c903944fcb7512
Nara,"Nara, The Valley, Al Yufrah 1",Villa,4,2771.0,180000.0,12,180000.0,64.95849873691807,9.6,New,2026-01-15,2027-01-14,1900000.0,"The Valley (All Phases), Al Yufrah 1-4.pdf",47,52ced1657c2868ef21047026fbea792fe6cf5725
Nara,"Nara, The Valley, Al Yufrah 1",Villa,3,1904.0,135000.0,12,135000.0,70.90336134453781,7.3,New,2026-01-15,2027-01-14,1900000.0,"The Valley (All Phases), Al Yufrah 1-4.pdf",47,7fb05879796b83a936d44b1f9e15fea72ca1dedf
Nara,"Nara, The Valley, Al Yufrah 1",Villa,3,1873.0,140000.0,12,140000.0,74.74639615589963,10.3,New,2026-01-12,2027-01-11,1400000.0,"The Valley (All Phases), Al Yufrah 1-4.pdf",48,94f1a02a8e5152c65f1e38abd66b9b81a1d431e1
Eden,"Eden, The Valley, Al Yufrah 1",Villa,4,2772.0,160000.0,12,160000.0,57.72005772005772,10.3,New,2026-01-12,2027-01-11,1500000.0,"The Valley (All Phases), Al Yufrah 1-4.pdf",48,c0784be650165897adc44eaa679b7cccc44074ed
Nara,"Nara, The Valley, Al Yufrah 1",Villa,3,1873.0,132000.0,12,132000.0,70.47517351841965,9.7,New,2026-01-11,2027-01-10,1400000.0,"The Valley (All Phases), Al Yufrah 1-4.pdf",47,ac05ec9e6e025c5e0e93fe2acf8982c48e248d88
Nara,"Nara, The Valley, Al Yufrah 1",Villa,3,1873.0,130000.0,12,130000.0,69.40736785904966,9.4,New,2026-01-10,2027-01-09,1400000.0,"The Valley (All Phases), Al Yufrah 1-4.pdf",48,233066d1620b6607822ec603a303c203e6333995
Orania,"Orania, The Valley, Al Yufrah 1",Villa,3,1873.0,140000.0,12,140000.0,74.74639615589963,6.0,New,2026-01-10,2027-01-09,2400000.0,"The Valley (All Phases), Al Yufrah 1-4.pdf",48,afe59a6a678ba28c14b44ab99793f85f46dc595e
Talia,"Talia, The Valley, Al Yufrah 1",Villa,4,2772.0,180000.0,12,180000.0,64.93506493506493,5.9,New,2026-01-10,2027-01-09,3100000.0,"The Valley (All Phases), Al Yufrah 1-4.pdf",48,a8301f023da364686c5954a52c0102a774e9c89e
Orania,"Orania, The Valley, Al Yufrah 1",Villa,3,1873.0,135000.0,12,135000.0,72.07688200747464,8.8,New,2026-01-10,2027-01-09,1500000.0,"The Valley (All Phases), Al Yufrah 1-4.pdf",48,1251951b23c8b6b198baced766093b4e0650464a
Talia,"Talia, The Valley, Al Yufrah 1",Villa,3,1873.0,140000.0,12,140000.0,74.74639615589963,9.3,New,2026-01-10,2027-01-09,1500000.0,"The Valley (All Phases), Al Yufrah 1-4.pdf",48,bc111d6773b19f1adb3ca85058794b773d3f0c13
Eden,"Eden, The Valley, Al Yufrah 1",Villa,3,1873.0,135000.0,12,135000.0,72.07688200747464,11.5,Renewed,2026-01-10,2027-01-09,1200000.0,"The Valley (All Phases), Al Yufrah 1-4.pdf",45,f80f8325b78139b3b4cc7e57621f7512addd2181
Orania,"Orania, The Valley, Al Yufrah 1",Villa,3,1904.0,145000.0,12,145000.0,76.15546218487395,6.7,New,2026-01-10,2027-01-09,2200000.0,"The Valley (All Phases), Al Yufrah 1-4.pdf",48,401d52238542ae0116ad38ba0573a3c064bf13c5
Orania,"Orania, The Valley, Al Yufrah 1",Villa,3,1873.0,145000.0,12,145000.0,77.41591030432461,8.4,New,2026-01-10,2027-01-09,1700000.0,"The Valley (All Phases), Al Yufrah 1-4.pdf",48,6c9e0bbed9c2c62690886d0d48c57b7b0295f7b5
Nara,"Nara, The Valley, Al Yufrah 1",Villa,3,1868.0,170000.0,12,170000.0,91.00642398286938,12.4,New,2026-01-09,2027-01-08,1400000.0,"The Valley (All Phases), Al Yufrah 1-4.pdf",47,21b3c9d0ee27dbd274f139b1df1852165151a718
Orania,"Orania, The Valley, Al Yufrah 1",Villa,3,1873.0,140000.0,12,140000.0,74.74639615589963,8.7,New,2026-01-08,2027-01-07,1600000.0,"The Valley (All Phases), Al Yufrah 1-4.pdf",47,f3f6c18d7908a07d74b6e3a8ceec82d65b54f4e5
Orania,"Orania, The Valley, Al Yufrah 1",Villa,3,1873.0,130000.0,12,130000.0,69.40736785904966,7.8,New,2026-01-05,2027-01-04,1700000.0,"The Valley (All Phases), Al Yufrah 1-4.pdf",52,a66a8b00f1a1f7a2a016aea41de4126f009e9426
Nara,"Nara, The Valley, Al Yufrah 1",Villa,3,1873.0,125000.0,12,125000.0,66.73785371062466,5.7,New,2026-01-05,2027-01-04,2200000.0,"The Valley (All Phases), Al Yufrah 1-4.pdf",48,588939923c598398b94b612727853c1602cb3623
Orania,"Orania, The Valley, Al Yufrah 1",Villa,3,1873.0,130000.0,12,130000.0,69.40736785904966,7.8,New,2026-01-05,2027-01-04,1700000.0,"The Valley (All Phases), Al Yufrah 1-4.pdf",49,2e11615963d743492d65da09ab0c843c875f52f3
Talia,"Talia, The Valley, Al Yufrah 1",Villa,3,1873.0,155000.0,12,155000.0,82.75493860117459,9.7,New,2026-01-05,2027-01-04,1600000.0,"The Valley (All Phases), Al Yufrah 1-4.pdf",47,322d294dcb956e1ef44571615af41a0d1e1cc70b
Talia,"Talia, The Valley, Al Yufrah 1",Villa,4,2772.0,180000.0,12,180000.0,64.93506493506493,8.2,New,2026-01-05,2027-01-04,2200000.0,"The Valley (All Phases), Al Yufrah 1-4.pdf",49,b633c01d9abf1d2dc8e55312a5cdd6700429dd08
Nara,"Nara, The Valley, Al Yufrah 1",Villa,3,1873.0,155000.0,12,155000.0,82.75493860117459,7.8,New,2026-01-01,2026-12-31,2000000.0,"The Valley (All Phases), Al Yufrah 1-4.pdf",39,bcbec8889df481f567ff15e0e95cd25f90c90ab9
Talia,"Talia, The Valley, Al Yufrah 1",Villa,3,1873.0,155000.0,12,155000.0,82.75493860117459,9.6,New,2026-01-01,2026-12-31,1600000.0,"The Valley (All Phases), Al Yufrah 1-4.pdf",53,a1610b6f0deaf3e5ae53cd3009bf500f5c92a990
Talia,"Talia, The Valley, Al Yufrah 1",Villa,3,1873.0,155000.0,12,155000.0,82.75493860117459,9.6,New,2026-01-01,2026-12-31,1600000.0,"The Valley (All Phases), Al Yufrah 1-4.pdf",53,98f82483d6889d93652607e0e240341ca7d7e734
Orania,"Orania, The Valley, Al Yufrah 1",Villa,3,1873.0,140000.0,12,140000.0,74.74639615589963,6.3,New,2026-01-01,2026-12-31,2200000.0,"The Valley (All Phases), Al Yufrah 1-4.pdf",53,e94508afa822a452c15f86544a816d89f86ed5d9
Nara,"Nara, The Valley, Al Yufrah 1",Villa,3,1873.0,135000.0,12,135000.0,72.07688200747464,6.3,New,2026-01-01,2026-12-31,2200000.0,"The Valley (All Phases), Al Yufrah 1-4.pdf",52,eef944053e2a053a885ce911aa5a8c0bd9845b4d
Eden,"Eden, The Valley, Al Yufrah 1",Villa,3,1898.0,75000.0,6,150000.0,79.03055848261327,3.0,Renewed,2026-01-01,2026-06-30,2500000.0,"The Valley (All Phases), Al Yufrah 1-4.pdf",45,d0df886e28e1f67265b5358587d7928fd5d2d425
Talia,"Talia, The Valley, Al Yufrah 1",Villa,3,1887.0,140000.0,12,140000.0,74.19183889772125,9.4,New,2026-01-01,2026-12-31,1500000.0,"The Valley (All Phases), Al Yufrah 1-4.pdf",49,9cb501d2c277b734b7a22315e15a961461f36ac0
Orania,"Orania, The Valley, Al Yufrah 1",Villa,3,1873.0,135000.0,12,135000.0,72.07688200747464,5.7,New,2026-01-01,2026-12-31,2400000.0,"The Valley (All Phases), Al Yufrah 1-4.pdf",52,000d97587edad9a3fd832f6a854a0c48129e8e8b
Orania,"Orania, The Valley, Al Yufrah 1",Villa,3,1873.0,135000.0,12,135000.0,72.07688200747464,5.7,New,2026-01-01,2026-12-31,2400000.0,"The Valley (All Phases), Al Yufrah 1-4.pdf",49,760b15f22fd7a93b01a5fe375ceae5ca67e631c4
Orania,"Orania, The Valley, Al Yufrah 1",Villa,3,1873.0,135000.0,12,135000.0,72.07688200747464,6.6,New,2026-01-01,2026-12-31,2000000.0,"The Valley (All Phases), Al Yufrah 1-4.pdf",53,3abfc797f5d2e6339a967e9142eb2d14b8e59bce
Orania,"Orania, The Valley, Al Yufrah 1",Villa,3,1873.0,135000.0,12,135000.0,72.07688200747464,6.5,New,2026-01-01,2026-12-31,2100000.0,"The Valley (All Phases), Al Yufrah 1-4.pdf",53,d921bcd969095fe44e9a5756513d10c944708eca
Orania,"Orania, The Valley, Al Yufrah 1",Villa,3,1873.0,140000.0,12,140000.0,74.74639615589963,5.7,New,2026-01-01,2026-12-31,2500000.0,"The Valley (All Phases), Al Yufrah 1-4.pdf",49,e40a765586d0e4241c707938dd25e79652879b22
Nara,"Nara, The Valley, Al Yufrah 1",Villa,3,1873.0,135000.0,12,135000.0,72.07688200747464,6.3,New,2026-01-01,2026-12-31,2200000.0,"The Valley (All Phases), Al Yufrah 1-4.pdf",49,9efb2a7237bf3e77d9768484076b549696b5da6a
Orania,"Orania, The Valley, Al Yufrah 1",Villa,3,1873.0,140000.0,12,140000.0,74.74639615589963,5.7,New,2026-01-01,2026-12-31,2500000.0,"The Valley (All Phases), Al Yufrah 1-4.pdf",52,22c5ce4123260585fd67e1a5e56d5dcb8f917b7c
Nara,"Nara, The Valley, Al Yufrah 1",Villa,3,1873.0,135000.0,12,135000.0,72.07688200747464,4.8,New,2025-12-29,2026-12-28,2800000.0,"The Valley (All Phases), Al Yufrah 1-4.pdf",50,1a879d9042095ad8b341233e14eee42e9d3521d8
Nara,"Nara, The Valley, Al Yufrah 1",Villa,3,1873.0,135000.0,12,135000.0,72.07688200747464,4.8,New,2025-12-29,2026-12-28,2800000.0,"The Valley (All Phases), Al Yufrah 1-4.pdf",52,2f740500aca4778e8e82712de257568fabd2727f
Talia,"Talia, The Valley, Al Yufrah 1",Villa,3,1873.0,155000.0,12,155000.0,82.75493860117459,9.7,New,2025-12-28,2026-12-27,1600000.0,"The Valley (All Phases), Al Yufrah 1-4.pdf",54,fb14ec226f2f54a926741a262ec3c3f56fe689de
Nara,"Nara, The Valley, Al Yufrah 1",Villa,4,2772.0,185000.0,12,185000.0,66.73881673881674,9.8,New,2025-12-28,2026-12-27,1900000.0,"The Valley (All Phases), Al Yufrah 1-4.pdf",52,2f501e8e546ecec46798228b91f18e867c5f493c
Talia,"Talia, The Valley, Al Yufrah 1",Villa,3,1873.0,155000.0,12,155000.0,82.75493860117459,9.7,New,2025-12-28,2026-12-27,1600000.0,"The Valley (All Phases), Al Yufrah 1-4.pdf",54,2699729d3c7ee32cd31a811e427ab4bd46b91bc2
Nara,"Nara, The Valley, Al Yufrah 1",Villa,4,2772.0,185000.0,12,185000.0,66.73881673881674,9.8,New,2025-12-28,2026-12-27,1900000.0,"The Valley (All Phases), Al Yufrah 1-4.pdf",49,d602562a12abe6b5fb67a7b453ae35dfa4b685a1
Orania,"Orania, The Valley, Al Yufrah 1",Villa,3,1873.0,145000.0,12,145000.0,77.41591030432461,9.3,New,2025-12-27,2026-12-26,1600000.0,"The Valley (All Phases), Al Yufrah 1-4.pdf",49,5a743352bd43cd7d0559a7db47c2f047a8c269c6
Talia,"Talia, The Valley, Al Yufrah 1",Villa,3,1873.0,150000.0,12,150000.0,80.0854244527496,8.7,New,2025-12-27,2026-12-26,1700000.0,"The Valley (All Phases), Al Yufrah 1-4.pdf",49,0ccb856c21bf2319c6064d00554055727fca42d3
Talia,"Talia, The Valley, Al Yufrah 1",Villa,3,1873.0,150000.0,12,150000.0,80.0854244527496,8.7,New,2025-12-27,2026-12-26,1700000.0,"The Valley (All Phases), Al Yufrah 1-4.pdf",52,f60122c8afc69a4572a653aa5cead30e2231cf6e
Nara,"Nara, The Valley, Al Yufrah 1",Villa,3,1878.0,160000.0,12,160000.0,85.19701810436635,11.6,New,2025-12-27,2026-12-26,1400000.0,"The Valley (All Phases), Al Yufrah 1-4.pdf",48,075442dc833a4f3fcc9cd85bb5692e5380d943bd
Talia,"Talia, The Valley, Al Yufrah 1",Villa,4,2772.0,190000.0,12,190000.0,68.54256854256855,4.8,New,2025-12-25,2026-12-24,3900000.0,"The Valley (All Phases), Al Yufrah 1-4.pdf",52,33d8e64f92aa28aed17d4564cc57ec322c6b8b30
Nara,"Nara, The Valley, Al Yufrah 1",Villa,3,1873.0,130000.0,12,130000.0,69.40736785904966,7.0,New,2025-12-25,2026-12-24,1900000.0,"The Valley (All Phases), Al Yufrah 1-4.pdf",52,e0a36b9aac1c9aaf00eab128a903572db46c0fb7
Talia,"Talia, The Valley, Al Yufrah 1",Villa,4,2772.0,190000.0,12,190000.0,68.54256854256855,4.8,New,2025-12-25,2026-12-24,3900000.0,"The Valley (All Phases), Al Yufrah 1-4.pdf",49,c4037c025b8cf1fc75ead2e7f5d0760ad761b226
Nara,"Nara, The Valley, Al Yufrah 1",Villa,3,1873.0,130000.0,12,130000.0,69.40736785904966,7.0,New,2025-12-25,2026-12-24,1900000.0,"The Valley (All Phases), Al Yufrah 1-4.pdf",49,1c2290c39431eed9f3d4a81f59dda32e62be2f0d
Talia,"Talia, The Valley, Al Yufrah 1",Villa,3,1873.0,155000.0,12,155000.0,82.75493860117459,9.6,New,2025-12-22,2026-12-21,1600000.0,"The Valley (All Phases), Al Yufrah 1-4.pdf",53,915d8b3efeafd1a9cabe34554469f8d963ecd621
Orania,"Orania, The Valley, Al Yufrah 1",Villa,3,1873.0,135000.0,12,135000.0,72.07688200747464,8.8,New,2025-12-22,2026-12-21,1500000.0,"The Valley (All Phases), Al Yufrah 1-4.pdf",53,893e07bbaa5d453a5f77e8714676504a60933641
Nara,"Nara, The Valley, Al Yufrah 1",Villa,4,2773.0,175000.0,13,161538.46153846153,58.2540431079919,4.9,New,2025-12-22,2026-12-23,3600000.0,"The Valley (All Phases), Al Yufrah 1-4.pdf",52,950aa0a3ac9d639660d8d84ab6ac7e3adf1e7ea9
Nara,"Nara, The Valley, Al Yufrah 1",Villa,4,2773.0,175000.0,13,161538.46153846153,58.2540431079919,4.9,New,2025-12-22,2026-12-23,3600000.0,"The Valley (All Phases), Al Yufrah 1-4.pdf",50,aedfe2fd8623075c5c247b91ebcfa536a1637f2d
Talia,"Talia, The Valley, Al Yufrah 1",Villa,3,1873.0,140000.0,12,140000.0,74.74639615589963,8.7,New,2025-12-18,2026-12-17,1600000.0,"The Valley (All Phases), Al Yufrah 1-4.pdf",53,4bef564ee49fcb93f62a2b6569e81e2bd911f844
Nara,"Nara, The Valley, Al Yufrah 1",Villa,3,1873.0,135000.0,12,135000.0,72.07688200747464,4.7,New,2025-12-15,2026-12-14,2900000.0,"The Valley (All Phases), Al Yufrah 1-4.pdf",54,34c8a0bc186de2d2d952bf0c7ef2545817b5870f
Nara,"Nara, The Valley, Al Yufrah 1",Villa,3,1904.0,140000.0,12,140000.0,73.52941176470588,7.8,New,2025-12-15,2026-12-14,1800000.0,"The Valley (All Phases), Al Yufrah 1-4.pdf",53,7af0321ef5fceca1df4eb5fca847aca7eabc1b6c
Orania,"Orania, The Valley, Al Yufrah 1",Villa,4,2982.0,185000.0,12,185000.0,62.03890006706908,7.0,New,2025-12-15,2026-12-14,2700000.0,"The Valley (All Phases), Al Yufrah 1-4.pdf",56,cbfa4fc333aedcf4eef0f8f56e0eda7d4da895cd
Eden,"Eden, The Valley, Al Yufrah 1",Villa,4,2803.0,190000.0,12,190000.0,67.78451658936854,11.3,New,2025-12-15,2026-12-14,1700000.0,"The Valley (All Phases), Al Yufrah 1-4.pdf",54,9c4f01be79664d5d9f6d64821de1ac82e26a2209
Talia,"Talia, The Valley, Al Yufrah 1",Villa,3,1873.0,140000.0,12,140000.0,74.74639615589963,8.7,New,2025-12-15,2026-12-14,1600000.0,"The Valley (All Phases), Al Yufrah 1-4.pdf",56,1ac4dea1b0f1f1eddef24ef797f8e3d4630e7474
Orania,"Orania, The Valley, Al Yufrah 1",Villa,3,1904.0,130000.0,12,130000.0,68.27731092436974,8.1,New,2025-12-15,2026-12-14,1600000.0,"The Valley (All Phases), Al Yufrah 1-4.pdf",54,df5ab826467cd50eac2220c94cc437d39af54b85
Talia,"Talia, The Valley, Al Yufrah 1",Villa,3,1873.0,135000.0,12,135000.0,72.07688200747464,4.7,New,2025-12-15,2026-12-14,2900000.0,"The Valley (All Phases), Al Yufrah 1-4.pdf",54,1838b749a2ad3cd557d3bbad7a9dde8c2cdc9295
Talia,"Talia, The Valley, Al Yufrah 1",Villa,4,2772.0,173000.0,12,173000.0,62.40981240981241,5.4,New,2025-12-15,2026-12-14,3200000.0,"The Valley (All Phases), Al Yufrah 1-4.pdf",55,3230b5aada9d59882d03ae4b512130a06063f8e5
Talia,"Talia, The Valley, Al Yufrah 1",Villa,3,1898.0,140000.0,12,140000.0,73.76185458377239,5.2,New,2025-12-15,2026-12-14,2700000.0,"The Valley (All Phases), Al Yufrah 1-4.pdf",53,a520833b0dc4fab990358a886738fa5075b95316
Orania,"Orania, The Valley, Al Yufrah 1",Villa,3,1873.0,140000.0,12,140000.0,74.74639615589963,8.4,New,2025-12-14,2026-12-13,1700000.0,"The Valley (All Phases), Al Yufrah 1-4.pdf",53,513fd1565f528daf52b6a2106428687c61589524
Orania,"Orania, The Valley, Al Yufrah 1",Villa,3,1873.0,405000.0,36,135000.0,72.07688200747464,26.1,New,2025-12-13,2028-12-12,1600000.0,"The Valley (All Phases), Al Yufrah 1-4.pdf",55,2447cdef264cd029c1760fb25ee74750d4433b44
Eden,"Eden, The Valley, Al Yufrah 1",Villa,4,2798.0,190000.0,12,190000.0,67.90564689063616,12.2,Renewed,2025-12-11,2026-12-10,1600000.0,"The Valley (All Phases), Al Yufrah 1-4.pdf",53,228cdd580cfcef515863e52a0d26cf1148c49314
Talia,"Talia, The Valley, Al Yufrah 1",Villa,4,2772.0,195000.0,12,195000.0,70.34632034632034,9.3,New,2025-12-10,2026-12-09,2100000.0,"The Valley (All Phases), Al Yufrah 1-4.pdf",56,9cf7c242f6a69cb586956d1401ce5e2a71fddb40
Orania,"Orania, The Valley, Al Yufrah 1",Villa,3,1904.0,130000.0,12,130000.0,68.27731092436974,7.6,New,2025-12-10,2026-12-09,1700000.0,"The Valley (All Phases), Al Yufrah 1-4.pdf",54,92f4a797a2b8555c5da152384e69f0c42c96e0f3
Orania,"Orania, The Valley, Al Yufrah 1",Villa,4,3990.0,220000.0,12,220000.0,55.13784461152882,7.6,New,2025-12-10,2026-12-09,2900000.0,"The Valley (All Phases), Al Yufrah 1-4.pdf",54,20389021c3ef80449447e39cdabf2e839347464c
Talia,"Talia, The Valley, Al Yufrah 1",Villa,3,1873.0,155000.0,12,155000.0,82.75493860117459,9.6,New,2025-12-10,2026-12-09,1600000.0,"The Valley (All Phases), Al Yufrah 1-4.pdf",56,eba37a3ddd89a19a636ce39b396617bf65c3a6f2
Talia,"Talia, The Valley, Al Yufrah 1",Villa,4,2772.0,170000.0,12,170000.0,61.32756132756133,4.8,New,2025-12-10,2026-12-09,3500000.0,"The Valley (All Phases), Al Yufrah 1-4.pdf",53,a1df378479f62fef9753466247accc25f256a4a1
Orania,"Orania, The Valley, Al Yufrah 1",Villa,3,1873.0,150000.0,12,150000.0,80.0854244527496,8.7,New,2025-12-10,2026-12-09,1700000.0,"The Valley (All Phases), Al Yufrah 1-4.pdf",54,5a5006066fc53319dddbfe6448d264d1324ab37f
Eden,"Eden, The Valley, Al Yufrah 1",Villa,4,2803.0,170000.0,12,170000.0,60.64930431680342,11.0,New,2025-12-08,2026-12-07,1500000.0,"The Valley (All Phases), Al Yufrah 1-4.pdf",54,5823a2891dde8ba224a9917aefe13f038369225a
Talia,"Talia, The Valley, Al Yufrah 1",Villa,4,2771.0,160000.0,12,160000.0,57.740887766149406,8.8,New,2025-12-07,2026-12-06,1800000.0,"The Valley (All Phases), Al Yufrah 1-4.pdf",54,f26f6221a1355469ed5ac1f01f6f8a6c0185dc08
Orania,"Orania, The Valley, Al Yufrah 1",Villa,3,1873.0,140000.0,12,140000.0,74.74639615589963,5.4,New,2025-12-06,2026-12-05,2600000.0,"The Valley (All Phases), Al Yufrah 1-4.pdf",55,2c0ea25df1dd9e36b88b6a19708bb1443ab1cca6
Talia,"Talia, The Valley, Al Yufrah 1",Villa,3,1873.0,160000.0,12,160000.0,85.42445274959957,9.6,New,2025-12-05,2026-12-04,1700000.0,"The Valley (All Phases), Al Yufrah 1-4.pdf",56,a33c5b6dfc7d8b18c962e2e4ee6b6d4fd6a908cb
Eden,"Eden, The Valley, Al Yufrah 1",Villa,3,1873.0,130000.0,12,130000.0,69.40736785904966,7.7,New,2025-12-05,2026-12-04,1700000.0,"The Valley (All Phases), Al Yufrah 1-4.pdf",55,be72c4b3a0cfce2fa33f8044cc37f131e4d67d61
Orania,"Orania, The Valley, Al Yufrah 1",Villa,3,1873.0,130000.0,12,130000.0,69.40736785904966,7.8,New,2025-12-01,2026-11-30,1700000.0,"The Valley (All Phases), Al Yufrah 1-4.pdf",56,7f9bdd87dcf198cf3e15c9d0dfc36edf7e2404f6
Orania,"Orania, The Valley, Al Yufrah 1",Villa,3,1873.0,140000.0,12,140000.0,74.74639615589963,9.2,New,2025-12-01,2026-11-30,1500000.0,"The Valley (All Phases), Al Yufrah 1-4.pdf",55,632283a03f954d1aaa6bc44a30a3068cc509c7df
Orania,"Orania, The Valley, Al Yufrah 1",Villa,4,3363.0,175000.0,12,175000.0,52.036871840618495,8.4,New,2025-12-01,2026-11-30,2100000.0,"The Valley (All Phases), Al Yufrah 1-4.pdf",48,af2755dc83276ab286561799d73d7235a0f10e5f
Talia,"Talia, The Valley, Al Yufrah 1",Villa,4,2772.0,175000.0,12,175000.0,63.13131313131313,8.9,New,2025-12-01,2026-11-30,2000000.0,"The Valley (All Phases), Al Yufrah 1-4.pdf",56,b7dcd267605816c1f4b1c03211fcd6c1b448ced2
Talia,"Talia, The Valley, Al Yufrah 1",Villa,3,1873.0,140000.0,12,140000.0,74.74639615589963,9.5,New,2025-12-01,2026-11-30,1500000.0,"The Valley (All Phases), Al Yufrah 1-4.pdf",56,c2b144d640306f6def34eba15cd828ab7b884418
Eden,"Eden, The Valley, Al Yufrah 1",Villa,3,1873.0,160000.0,12,160000.0,85.42445274959957,13.7,New,2025-12-01,2026-11-30,1200000.0,"The Valley (All Phases), Al Yufrah 1-4.pdf",55,18be14ba5d8e2d5b545815c1c5a07b8af58f89b2
Nara,"Nara, The Valley, Al Yufrah 1",Villa,3,1904.0,140000.0,12,140000.0,73.52941176470588,9.6,New,2025-12-01,2026-11-30,1500000.0,"The Valley (All Phases), Al Yufrah 1-4.pdf",58,aa9b16dbefe0e7ea28547fc0c0b22c3455c27889
Nara,"Nara, The Valley, Al Yufrah 1",Villa,4,2750.0,170000.0,12,170000.0,61.81818181818182,8.4,New,2025-12-01,2026-11-30,2000000.0,"The Valley (All Phases), Al Yufrah 1-4.pdf",49,c1d125ec89a7231bd3b27c4650177cc76f210187
Eden,"Eden, The Valley, Al Yufrah 1",Villa,4,2803.0,170000.0,12,170000.0,60.64930431680342,11.4,New,2025-12-01,2026-11-30,1500000.0,"The Valley (All Phases), Al Yufrah 1-4.pdf",54,b5df7efdc886d7eb682ed5fe143ee9fe6c09ed0b
Talia,"Talia, The Valley, Al Yufrah 1",Villa,3,1873.0,150000.0,12,150000.0,80.0854244527496,9.4,New,2025-12-01,2026-11-30,1600000.0,"The Valley (All Phases), Al Yufrah 1-4.pdf",55,e92483645a25f287db513b44b44d29bd182d8b22
Talia,"Talia, The Valley, Al Yufrah 1",Villa,4,2750.0,175000.0,12,175000.0,63.63636363636363,6.1,New,2025-12-01,2026-11-30,2900000.0,"The Valley (All Phases), Al Yufrah 1-4.pdf",55,e6c2427d1e4bc1bd5e74cfd64d4b763d0b850465
Eden,"Eden, The Valley, Al Yufrah 1",Villa,4,2772.0,190000.0,12,190000.0,68.54256854256855,9.9,Renewed,2025-12-01,2026-11-30,1900000.0,"The Valley (All Phases), Al Yufrah 1-4.pdf",55,234fbdba53a753fd92dae8c2c89bf283389842d7
Nara,"Nara, The Valley, Al Yufrah 1",Villa,3,1873.0,140000.0,12,140000.0,74.74639615589963,5.0,New,2025-12-01,2026-11-30,2800000.0,"The Valley (All Phases), Al Yufrah 1-4.pdf",55,fac5ee6745c94535a697b6acb868450782442ec8
Eden,"Eden, The Valley, Al Yufrah 1",Villa,4,2772.0,170000.0,12,170000.0,61.32756132756133,11.5,New,2025-12-01,2026-11-30,1500000.0,"The Valley (All Phases), Al Yufrah 1-4.pdf",55,730781072a2e3e2a714de0d130f68afc6b52e628
Talia,"Talia, The Valley, Al Yufrah 1",Villa,3,1873.0,135000.0,12,135000.0,72.07688200747464,9.1,New,2025-11-30,2026-11-29,1500000.0,"The Valley (All Phases), Al Yufrah 1-4.pdf",57,53787360447bb263634ebef634a440fe478e4a37
Nara,"Nara, The Valley, Al Yufrah 1",Villa,3,1873.0,150000.0,12,150000.0,80.0854244527496,10.0,New,2025-11-30,2026-11-29,1500000.0,"The Valley (All Phases), Al Yufrah 1-4.pdf",57,b9f4957cc65f2f12b818c32e4b057daddd9cd8cf
Orania,"Orania, The Valley, Al Yufrah 1",Villa,3,1873.0,140000.0,12,140000.0,74.74639615589963,9.1,New,2025-11-29,2026-11-28,1500000.0,"The Valley (All Phases), Al Yufrah 1-4.pdf",56,3abf39313a94ace87d242c0e8261ee832f78dad1
Talia,"Talia, The Valley, Al Yufrah 1",Villa,3,1873.0,140000.0,12,140000.0,74.74639615589963,8.7,New,2025-11-28,2026-11-27,1600000.0,"The Valley (All Phases), Al Yufrah 1-4.pdf",55,5ebbe59d202092c99d01739521d37e7ca4614a54
Orania,"Orania, The Valley, Al Yufrah 1",Villa,3,1873.0,140000.0,12,140000.0,74.74639615589963,9.0,New,2025-11-28,2026-11-27,1600000.0,"The Valley (All Phases), Al Yufrah 1-4.pdf",56,003274502176617ab8fe882025d58b5f774288b4
Orania,"Orania, The Valley, Al Yufrah 1",Villa,3,1873.0,140000.0,12,140000.0,74.74639615589963,8.3,New,2025-11-28,2026-11-27,1700000.0,"The Valley (All Phases), Al Yufrah 1-4.pdf",55,77315ddb0e76cd59337ab914a8733d84979d5c61
Nara,"Nara, The Valley, Al Yufrah 1",Villa,3,1873.0,133500.0,12,133500.0,71.27602776294714,9.8,New,2025-11-26,2026-11-25,1400000.0,"The Valley (All Phases), Al Yufrah 1-4.pdf",57,1e4a7ef0a7f909912ad9fffb27f3ef1a95597329
Nara,"Nara, The Valley, Al Yufrah 1",Villa,3,1873.0,140000.0,12,140000.0,74.74639615589963,6.1,New,2025-11-26,2026-11-25,2300000.0,"The Valley (All Phases), Al Yufrah 1-4.pdf",59,41a6f64a5854860071794a949064264420db88d0
Nara,"Nara, The Valley, Al Yufrah 1",Villa,3,1873.0,135000.0,12,135000.0,72.07688200747464,10.0,New,2025-11-25,2026-11-24,1400000.0,"The Valley (All Phases), Al Yufrah 1-4.pdf",56,26cd0fe2d24398254be3fe56b407c3ff6b468ac8
Nara,"Nara, The Valley, Al Yufrah 1",Villa,3,1873.0,135000.0,12,135000.0,72.07688200747464,9.9,New,2025-11-24,2026-11-23,1400000.0,"The Valley (All Phases), Al Yufrah 1-4.pdf",57,47fcbe1fd07a35884234ae94ff0148e562f9756f
Talia,"Talia, The Valley, Al Yufrah 1",Villa,3,1898.0,135000.0,12,135000.0,71.12750263435196,8.9,New,2025-11-22,2026-11-21,1500000.0,"The Valley (All Phases), Al Yufrah 1-4.pdf",58,bd221d54fad917f0e9907e713d4d4dc0cceabfe0
Talia,"Talia, The Valley, Al Yufrah 1",Villa,3,1873.0,150000.0,12,150000.0,80.0854244527496,9.9,New,2025-11-21,2026-11-20,1500000.0,"The Valley (All Phases), Al Yufrah 1-4.pdf",57,9178d7ba4cfef976d8efd0046b8045c0e9b19f84
Nara,"Nara, The Valley, Al Yufrah 1",Villa,4,2772.0,170000.0,12,170000.0,61.32756132756133,5.0,New,2025-11-20,2026-11-19,3400000.0,"The Valley (All Phases), Al Yufrah 1-4.pdf",59,a03b64b1a8720cf7560c69bda2fc246aa7225e08
Nara,"Nara, The Valley, Al Yufrah 1",Villa,3,1873.0,130000.0,12,130000.0,69.40736785904966,5.1,New,2025-11-20,2026-11-19,2600000.0,"The Valley (All Phases), Al Yufrah 1-4.pdf",57,06db67d805380a3a85008899aaec81666389624d
Talia,"Talia, The Valley, Al Yufrah 1",Villa,3,1874.0,140000.0,12,140000.0,74.70651013874067,7.0,New,2025-11-20,2026-11-19,2000000.0,"The Valley (All Phases), Al Yufrah 1-4.pdf",57,9d5b5d1b07f1a4c70689f4137892763313e87980
Eden,"Eden, The Valley, Al Yufrah 1",Villa,3,1873.0,160000.0,12,160000.0,85.42445274959957,12.0,Renewed,2025-11-20,2026-11-19,1300000.0,"The Valley (All Phases), Al Yufrah 1-4.pdf",57,337edbddf2c437774b21ca087ac329607bc30ee7
Nara,"Nara, The Valley, Al Yufrah 1",Villa,3,1873.0,130000.0,12,130000.0,69.40736785904966,15.3,New,2025-11-18,2026-11-17,850000.0,"The Valley (All Phases), Al Yufrah 1-4.pdf",57,8a91ace264d5d767866ef87ce3ff5783e83e4e37
Talia,"Talia, The Valley, Al Yufrah 1",Villa,3,1873.0,135000.0,12,135000.0,72.07688200747464,8.9,New,2025-11-18,2026-11-17,1500000.0,"The Valley (All Phases), Al Yufrah 1-4.pdf",57,8ebc9c9356a8ca7fb273a256c03117852b3b65e8
Talia,"Talia, The Valley, Al Yufrah 1",Villa,3,1904.0,140000.0,12,140000.0,73.52941176470588,9.5,New,2025-11-16,2026-11-15,1500000.0,"The Valley (All Phases), Al Yufrah 1-4.pdf",58,2dc4d5ae4ef83bfbd396a9852c55d9c246f3bb05
Nara,"Nara, The Valley, Al Yufrah 1",Villa,4,2772.0,177000.0,12,177000.0,63.85281385281385,9.8,New,2025-11-15,2026-11-14,1800000.0,"The Valley (All Phases), Al Yufrah 1-4.pdf",58,d70c014a251bea0ed5326db6000a63e9c43cce85
Talia,"Talia, The Valley, Al Yufrah 1",Villa,4,2750.0,165000.0,12,165000.0,60.0,5.8,New,2025-11-15,2026-11-14,2900000.0,"The Valley (All Phases), Al Yufrah 1-4.pdf",58,1d6f361ae29fcbec9182e601d15d8003821cc23f
Nara,"Nara, The Valley, Al Yufrah 1",Villa,4,2772.0,175000.0,12,175000.0,63.13131313131313,9.7,New,2025-11-15,2026-11-14,1800000.0,"The Valley (All Phases), Al Yufrah 1-4.pdf",61,8448fe4184bf5ad5c978e54fd673af453a2f2ec1
Eden,"Eden, The Valley, Al Yufrah 1",Villa,3,1873.0,140000.0,12,140000.0,74.74639615589963,7.6,New,2025-11-15,2026-11-14,1900000.0,"The Valley (All Phases), Al Yufrah 1-4.pdf",62,50bc0c14f7ea0bc5b2c7d9c7b00876a32037d306
Orania,"Orania, The Valley, Al Yufrah 1",Villa,3,1873.0,140000.0,12,140000.0,74.74639615589963,8.4,New,2025-11-15,2026-11-14,1700000.0,"The Valley (All Phases), Al Yufrah 1-4.pdf",57,e2150b272e0782ffecddc1aca92b09ad96b6f5bd
Eden,"Eden, The Valley, Al Yufrah 1",Villa,4,2772.0,230000.0,12,230000.0,82.97258297258297,14.1,Renewed,2025-11-15,2026-11-14,1600000.0,"The Valley (All Phases), Al Yufrah 1-4.pdf",41,b24854c82525e4d0d8c256f271911ae96c4daf0c
Talia,"Talia, The Valley, Al Yufrah 1",Villa,4,2817.0,175000.0,12,175000.0,62.12282570110046,5.6,New,2025-11-15,2026-11-14,3200000.0,"The Valley (All Phases), Al Yufrah 1-4.pdf",54,373076e9013fef713d17b72dd79a8124b0efd540
Eden,"Eden, The Valley, Al Yufrah 1",Villa,3,1873.0,123000.0,12,123000.0,65.67004805125467,4.9,Renewed,2025-11-15,2026-11-14,2500000.0,"The Valley (All Phases), Al Yufrah 1-4.pdf",50,1b20e1af869379df3dea90745e63fb300633945e
Eden,"Eden, The Valley, Al Yufrah 1",Villa,3,1873.0,123000.0,12,123000.0,65.67004805125467,4.9,Renewed,2025-11-15,2026-11-14,2500000.0,"The Valley (All Phases), Al Yufrah 1-4.pdf",52,63e98152bfbe2defcf1b9aaea552f8d5d13a2291
Talia,"Talia, The Valley, Al Yufrah 1",Villa,3,1873.0,150000.0,12,150000.0,80.0854244527496,8.6,New,2025-11-14,2026-11-13,1800000.0,"The Valley (All Phases), Al Yufrah 1-4.pdf",58,90208b739765259fe53aaf3112db348572305d11
Nara,"Nara, The Valley, Al Yufrah 1",Villa,3,1873.0,130000.0,12,130000.0,69.40736785904966,5.4,New,2025-11-13,2026-11-12,2400000.0,"The Valley (All Phases), Al Yufrah 1-4.pdf",57,3a0ebcb063d30b3a9b272ce91f9dc747e4e437a4
Talia,"Talia, The Valley, Al Yufrah 1",Villa,3,1873.0,140000.0,12,140000.0,74.74639615589963,6.4,New,2025-11-12,2026-11-11,2200000.0,"The Valley (All Phases), Al Yufrah 1-4.pdf",57,38c2629be368ee88167983f8a7826f600bdfdfec
Nara,"Nara, The Valley, Al Yufrah 1",Villa,4,2772.0,155000.0,12,155000.0,55.916305916305916,9.2,New,2025-11-12,2026-11-11,1700000.0,"The Valley (All Phases), Al Yufrah 1-4.pdf",60,1803244e801683f0964361dfb82780554a7cb9e1
Talia,"Talia, The Valley, Al Yufrah 1",Villa,4,2780.0,180000.0,12,180000.0,64.74820143884892,9.9,New,2025-11-11,2026-11-10,1800000.0,"The Valley (All Phases), Al Yufrah 1-4.pdf",58,23a52f712e2ed866c2675d09616fcf0e198962be
Talia,"Talia, The Valley, Al Yufrah 1",Villa,3,1873.0,145000.0,12,145000.0,77.41591030432461,9.3,New,2025-11-10,2026-11-09,1600000.0,"The Valley (All Phases), Al Yufrah 1-4.pdf",59,2be30d91992cf02573369ed7212f1e7fe92249bf
Talia,"Talia, The Valley, Al Yufrah 1",Villa,3,1873.0,125000.0,12,125000.0,66.73785371062466,8.6,New,2025-11-10,2026-11-09,1500000.0,"The Valley (All Phases), Al Yufrah 1-4.pdf",62,3b1bc17acec42b0b20e8cb29cb9d2bb357793d0f
Orania,"Orania, The Valley, Al Yufrah 1",Villa,3,1873.0,140000.0,12,140000.0,74.74639615589963,8.9,New,2025-11-10,2026-11-09,1600000.0,"The Valley (All Phases), Al Yufrah 1-4.pdf",58,45da81f3940d46472507038af6cc6f8b4574bc4f
Talia,"Talia, The Valley, Al Yufrah 1",Villa,4,2772.0,175000.0,12,175000.0,63.13131313131313,9.6,New,2025-11-10,2026-11-09,1800000.0,"The Valley (All Phases), Al Yufrah 1-4.pdf",59,8001b46944ee6fe141f16a5e2651b6cb1d3d8de4
Talia,"Talia, The Valley, Al Yufrah 1",Villa,4,2772.0,200000.0,12,200000.0,72.15007215007215,10.3,New,2025-11-09,2026-11-08,1900000.0,"The Valley (All Phases), Al Yufrah 1-4.pdf",58,45bc01923c9187802d48983f0bff6af29588ee4a
Talia,"Talia, The Valley, Al Yufrah 1",Villa,3,1873.0,150000.0,13,138461.53846153847,73.92500718715348,9.4,New,2025-11-07,2026-11-11,1600000.0,"The Valley (All Phases), Al Yufrah 1-4.pdf",58,d413690e993e17eb8558c53ffab26378882c6715
Talia,"Talia, The Valley, Al Yufrah 1",Villa,3,1882.0,140000.0,12,140000.0,74.38894792773645,9.3,New,2025-11-07,2026-11-06,1500000.0,"The Valley (All Phases), Al Yufrah 1-4.pdf",59,c0704d159d13f2b60361e8092ec4f3246cc10686
Nara,"Nara, The Valley, Al Yufrah 1",Villa,4,2771.0,165000.0,12,165000.0,59.545290508841575,8.9,New,2025-11-06,2026-11-05,1900000.0,"The Valley (All Phases), Al Yufrah 1-4.pdf",59,e490e5b1e90de0ec2c1582a0410268c137962e6f
Orania,"Orania, The Valley, Al Yufrah 1",Villa,4,2870.0,177000.0,12,177000.0,61.67247386759582,8.7,New,2025-11-05,2026-11-04,2000000.0,"The Valley (All Phases), Al Yufrah 1-4.pdf",58,15cee9853ee0cfa32557ba3c892471a3a3fb314d
Talia,"Talia, The Valley, Al Yufrah 1",Villa,4,2773.0,170000.0,12,170000.0,61.30544536602957,5.7,New,2025-11-05,2026-11-04,3000000.0,"The Valley (All Phases), Al Yufrah 1-4.pdf",59,0c1ef80f2eb93599c3f7d908d9cd433b3f12452b
Eden,"Eden, The Valley, Al Yufrah 1",Villa,4,2803.0,250000.0,12,250000.0,89.19015340706386,16.4,New,2025-11-04,2026-11-03,1500000.0,"The Valley (All Phases), Al Yufrah 1-4.pdf",59,64e28f1ba9bb279efc6a87b1ba96efffc2235311
Nara,"Nara, The Valley, Al Yufrah 1",Villa,3,1873.0,135000.0,12,135000.0,72.07688200747464,9.4,New,2025-11-01,2026-10-31,1400000.0,"The Valley (All Phases), Al Yufrah 1-4.pdf",60,130314bb9b11fe1c99116a201aa12ef6b35a7ccd
Eden,"Eden, The Valley, Al Yufrah 1",Villa,3,1873.0,140000.0,12,140000.0,74.74639615589963,7.4,New,2025-11-01,2026-10-31,1900000.0,"The Valley (All Phases), Al Yufrah 1-4.pdf",60,2a0e682d9a866c19588379b8caef1ed5e7185d46
Talia,"Talia, The Valley, Al Yufrah 1",Villa,3,1873.0,145000.0,12,145000.0,77.41591030432461,9.1,New,2025-11-01,2026-10-31,1600000.0,"The Valley (All Phases), Al Yufrah 1-4.pdf",62,5f378d42525a8a84350506d33c0d9de0dc5b1439
Talia,"Talia, The Valley, Al Yufrah 1",Villa,3,1898.0,150000.0,13,138461.53846153847,72.9512847531815,8.9,New,2025-11-01,2026-11-04,1700000.0,"The Valley (All Phases), Al Yufrah 1-4.pdf",61,76f513ddff8f2673c31f68d85ca6072f5e026a41
Talia,"Talia, The Valley, Al Yufrah 1",Villa,3,1873.0,140000.0,12,140000.0,74.74639615589963,9.3,New,2025-11-01,2026-10-31,1500000.0,"The Valley (All Phases), Al Yufrah 1-4.pdf",59,8296266fc6f07b985290e5fefcb39c93a55fb8e8
Talia,"Talia, The Valley, Al Yufrah 1",Villa,3,1873.0,155000.0,12,155000.0,82.75493860117459,9.4,New,2025-11-01,2026-10-31,1700000.0,"The Valley (All Phases), Al Yufrah 1-4.pdf",59,09f38e34b71fd87b45d1fd684ae62818e825b33a
Eden,"Eden, The Valley, Al Yufrah 1",Villa,3,1873.0,135000.0,12,135000.0,72.07688200747464,11.5,New,2025-11-01,2026-10-31,1200000.0,"The Valley (All Phases), Al Yufrah 1-4.pdf",59,c14e51e028c4d6e16fbf5c066d9b866a1ec06e5f
Orania,"Orania, The Valley, Al Yufrah 1",Villa,3,1873.0,138500.0,12,138500.0,73.94554191137213,8.8,New,2025-11-01,2026-10-31,1600000.0,"The Valley (All Phases), Al Yufrah 1-4.pdf",60,1b1ead31ef508bd7c9c5f3a14b390820a021c065
Talia,"Talia, The Valley, Al Yufrah 1",Villa,3,1873.0,145000.0,12,145000.0,77.41591030432461,9.5,New,2025-11-01,2026-10-31,1500000.0,"The Valley (All Phases), Al Yufrah 1-4.pdf",60,dec29ab331a7a96f740033dbadb63e3b980e21d1
Talia,"Talia, The Valley, Al Yufrah 1",Villa,4,2782.0,165000.0,12,165000.0,59.309849029475195,8.4,New,2025-11-01,2026-10-31,2000000.0,"The Valley (All Phases), Al Yufrah 1-4.pdf",62,dc1c4a839b7ebf5766e390de7a3fbd7ab2350f38
Talia,"Talia, The Valley, Al Yufrah 1",Villa,3,1915.0,145000.0,12,145000.0,75.71801566579634,7.0,New,2025-11-01,2026-10-31,2100000.0,"The Valley (All Phases), Al Yufrah 1-4.pdf",60,237d675130e927a262cb81f8c3c730ae5b4b1a5c
Talia,"Talia, The Valley, Al Yufrah 1",Villa,3,1873.0,130000.0,12,130000.0,69.40736785904966,5.3,New,2025-11-01,2026-10-31,2500000.0,"The Valley (All Phases), Al Yufrah 1-4.pdf",63,e8bfa9aca49475985db1c91a1ac63cb323ddfdfd
Talia,"Talia, The Valley, Al Yufrah 1",Villa,3,1873.0,150000.0,12,150000.0,80.0854244527496,7.1,New,2025-11-01,2026-10-31,2100000.0,"The Valley (All Phases), Al Yufrah 1-4.pdf",61,153ca17c0e24c414196c04e4d14cb5a341757131
Orania,"Orania, The Valley, Al Yufrah 1",Villa,3,1873.0,135000.0,12,135000.0,72.07688200747464,6.8,New,2025-11-01,2026-10-31,2000000.0,"The Valley (All Phases), Al Yufrah 1-4.pdf",59,5601ecfc932a3a9f062d5dc7b69d1e7c17459b6d
Eden,"Eden, The Valley, Al Yufrah 1",Villa,3,1910.0,132000.0,12,132000.0,69.10994764397905,10.5,Renewed,2025-11-01,2026-10-31,1300000.0,"The Valley (All Phases), Al Yufrah 1-4.pdf",59,2bd01bec07871d942dc6a3d1e4cd0b1120f301f4
Talia,"Talia, The Valley, Al Yufrah 1",Villa,4,2893.0,185000.0,12,185000.0,63.94745938472174,5.4,New,2025-10-30,2026-10-29,3400000.0,"The Valley (All Phases), Al Yufrah 1-4.pdf",60,155df393a6cb815ad95f324e4d3e1c81230e8c2b
Talia,"Talia, The Valley, Al Yufrah 1",Villa,3,1875.0,135000.0,12,135000.0,72.0,9.0,New,2025-10-28,2026-10-27,1500000.0,"The Valley (All Phases), Al Yufrah 1-4.pdf",60,e543ebd08b075f5d533db45f963b0c07b778bb14
Talia,"Talia, The Valley, Al Yufrah 1",Villa,4,2750.0,247000.0,17,174352.9411764706,63.40106951871658,12.8,New,2025-10-27,2027-02-28,1900000.0,"The Valley (All Phases), Al Yufrah 1-4.pdf",60,d9baea567bfb7faa5a80f871237049f8d5ff8450
Talia,"Talia, The Valley, Al Yufrah 1",Villa,4,2750.0,165000.0,12,165000.0,60.0,8.8,New,2025-10-25,2026-10-24,1900000.0,"The Valley (All Phases), Al Yufrah 1-4.pdf",61,e59ffe67b39be2c2b76595d7f72a3acd0ceb4642
Talia,"Talia, The Valley, Al Yufrah 1",Villa,4,2772.0,185000.0,12,185000.0,66.73881673881674,8.4,New,2025-10-25,2026-10-24,2200000.0,"The Valley (All Phases), Al Yufrah 1-4.pdf",62,67ae0cd0109082859e8a0ab503fcdbfb26090c4e
Nara,"Nara, The Valley, Al Yufrah 1",Villa,4,2772.0,180000.0,12,180000.0,64.93506493506493,9.8,New,2025-10-24,2026-10-23,1800000.0,"The Valley (All Phases), Al Yufrah 1-4.pdf",60,0c97b9ebe871f5eb69af14af5838d6c537d31c3b
Orania,"Orania, The Valley, Al Yufrah 1",Villa,3,1873.0,130000.0,12,130000.0,69.40736785904966,7.7,New,2025-10-24,2026-10-23,1700000.0,"The Valley (All Phases), Al Yufrah 1-4.pdf",61,f6c4db65ee16d8dc500e2cefde1b8038e008af4a
Talia,"Talia, The Valley, Al Yufrah 1",Villa,3,1873.0,140000.0,12,140000.0,74.74639615589963,9.5,New,2025-10-24,2026-10-23,1500000.0,"The Valley (All Phases), Al Yufrah 1-4.pdf",61,c7c875d03059a109cf59e78f96673a18506f8fd3
Nara,"Nara, The Valley, Al Yufrah 1",Villa,3,1873.0,135000.0,12,135000.0,72.07688200747464,9.6,New,2025-10-24,2026-10-23,1400000.0,"The Valley (All Phases), Al Yufrah 1-4.pdf",61,9e76595d3a04d93cc077da46341956644d182232
Talia,"Talia, The Valley, Al Yufrah 1",Villa,3,1873.0,140000.0,12,140000.0,74.74639615589963,9.5,New,2025-10-24,2026-10-23,1500000.0,"The Valley (All Phases), Al Yufrah 1-4.pdf",61,fbd93726ecb98583d6913fbab6058f336a199908
Orania,"Orania, The Valley, Al Yufrah 1",Villa,3,1873.0,135000.0,12,135000.0,72.07688200747464,8.2,New,2025-10-23,2026-10-22,1600000.0,"The Valley (All Phases), Al Yufrah 1-4.pdf",61,417a00b57f84b537cd2c5668d8f056c0de525ebf
Talia,"Talia, The Valley, Al Yufrah 1",Villa,3,1873.0,140000.0,12,140000.0,74.74639615589963,8.9,New,2025-10-22,2026-10-21,1600000.0,"The Valley (All Phases), Al Yufrah 1-4.pdf",61,14ed5ab12109f5d25bf568c7c5bae764e54621cd
Talia,"Talia, The Valley, Al Yufrah 1",Villa,3,1873.0,145000.0,13,133846.15384615384,71.46084028091502,8.7,New,2025-10-21,2026-11-06,1700000.0,"The Valley (All Phases), Al Yufrah 1-4.pdf",60,01548f775bdd7a7bbff11b044f230c9f2fbfafcd
Talia,"Talia, The Valley, Al Yufrah 1",Villa,3,1888.0,135000.0,12,135000.0,71.5042372881356,8.4,New,2025-10-20,2026-10-19,1600000.0,"The Valley (All Phases), Al Yufrah 1-4.pdf",62,9f5679c725a5f79ecd2c228621dba66355958b5f
Nara,"Nara, The Valley, Al Yufrah 1",Villa,3,1873.0,135000.0,12,135000.0,72.07688200747464,9.4,New,2025-10-20,2026-10-19,1400000.0,"The Valley (All Phases), Al Yufrah 1-4.pdf",62,915d5164b50a2bc0490dba9499ee934d8a4d4cfa
Nara,"Nara, The Valley, Al Yufrah 1",Villa,3,1873.0,140000.0,12,140000.0,74.74639615589963,9.7,New,2025-10-20,2026-10-19,1400000.0,"The Valley (All Phases), Al Yufrah 1-4.pdf",62,544da01f76d9f6ee01e8daeaeeb2dce05d4bb708
Talia,"Talia, The Valley, Al Yufrah 1",Villa,4,2759.0,180000.0,12,180000.0,65.24102935846321,5.2,New,2025-10-17,2026-10-16,3500000.0,"The Valley (All Phases), Al Yufrah 1-4.pdf",62,430135b8524a237f40c875a5b17e1d8eb45aa9cc
Talia,"Talia, The Valley, Al Yufrah 1",Villa,4,2772.0,180000.0,12,180000.0,64.93506493506493,9.9,New,2025-10-17,2026-10-16,1800000.0,"The Valley (All Phases), Al Yufrah 1-4.pdf",65,8759eb112ef5aa903b1f49247bb6bdcb126d9a9d
Talia,"Talia, The Valley, Al Yufrah 1",Villa,3,1873.0,135000.0,12,135000.0,72.07688200747464,6.1,New,2025-10-16,2026-10-15,2200000.0,"The Valley (All Phases), Al Yufrah 1-4.pdf",62,ad4599214de8cc35b54af345d7300f41bc67c079
Eden,"Eden, The Valley, Al Yufrah 1",Villa,4,2772.0,185000.0,12,185000.0,66.73881673881674,5.1,New,2025-10-15,2026-10-14,3600000.0,"The Valley (All Phases), Al Yufrah 1-4.pdf",61,2dbc48a2bc0c1269c5539a7c1bc6fcefcae5d2ce
Eden,"Eden, The Valley, Al Yufrah 1",Villa,3,1873.0,140000.0,12,140000.0,74.74639615589963,5.1,New,2025-10-15,2026-10-14,2800000.0,"The Valley (All Phases), Al Yufrah 1-4.pdf",65,b4f55efc1d9120ccc63cd9c9a29182fda2d77c06
Talia,"Talia, The Valley, Al Yufrah 1",Villa,4,2772.0,185000.0,12,185000.0,66.73881673881674,10.1,New,2025-10-15,2026-10-14,1800000.0,"The Valley (All Phases), Al Yufrah 1-4.pdf",64,98f26e3c392e1ad0b8d40caeb485f1320e93881d
Eden,"Eden, The Valley, Al Yufrah 1",Villa,3,1873.0,135000.0,13,124615.38461538461,66.53250646843813,10.0,New,2025-10-15,2026-10-15,1400000.0,"The Valley (All Phases), Al Yufrah 1-4.pdf",63,232c3df2ab8ce291c7fc2e1d8fb50d65e6d1dd5f
Talia,"Talia, The Valley, Al Yufrah 1",Villa,3,1873.0,135000.0,12,135000.0,72.07688200747464,5.6,New,2025-10-15,2026-10-14,2400000.0,"The Valley (All Phases), Al Yufrah 1-4.pdf",64,ea941c1846c97f2613b48f4ca78c48f0f7c3b79b
Eden,"Eden, The Valley, Al Yufrah 1",Villa,4,2772.0,200000.0,12,200000.0,72.15007215007215,8.3,New,2025-10-14,2026-10-13,2400000.0,"The Valley (All Phases), Al Yufrah 1-4.pdf",56,19284a094617960bb84c035b5684a201d41d61cc
Talia,"Talia, The Valley, Al Yufrah 1",Villa,3,1873.0,140000.0,12,140000.0,74.74639615589963,9.5,New,2025-10-13,2026-10-12,1500000.0,"The Valley (All Phases), Al Yufrah 1-4.pdf",64,3515cd03790c74aa1406b8ef61749b916cd166f2
Talia,"Talia, The Valley, Al Yufrah 1",Villa,3,1873.0,140000.0,12,140000.0,74.74639615589963,5.1,New,2025-10-13,2026-10-12,2800000.0,"The Valley (All Phases), Al Yufrah 1-4.pdf",63,c55ea5f16176c45719cf144cb01efbcd25cb4fd0
Talia,"Talia, The Valley, Al Yufrah 1",Villa,3,1875.0,135000.0,12,135000.0,72.0,8.9,New,2025-10-12,2026-10-11,1500000.0,"The Valley (All Phases), Al Yufrah 1-4.pdf",62,2a62655d473d1fe71360e1080e2bebc4541532ed
Talia,"Talia, The Valley, Al Yufrah 1",Villa,3,1873.0,135000.0,12,135000.0,72.07688200747464,8.6,New,2025-10-12,2026-10-11,1600000.0,"The Valley (All Phases), Al Yufrah 1-4.pdf",63,387c38b865974ceb5a5afe51d1703f47a5078dce
Talia,"Talia, The Valley, Al Yufrah 1",Villa,4,2772.0,180000.0,13,166153.84615384616,59.94005994005994,7.9,New,2025-10-10,2026-10-15,2300000.0,"The Valley (All Phases), Al Yufrah 1-4.pdf",62,c5efdf98729dcb88bf47f64f9e08b209976a6322
Nara,"Nara, The Valley, Al Yufrah 1",Villa,3,1873.0,135000.0,12,135000.0,72.07688200747464,7.1,New,2025-10-10,2026-10-09,1900000.0,"The Valley (All Phases), Al Yufrah 1-4.pdf",63,537db015c28431387707c3359095184d2f2d4f3f
Talia,"Talia, The Valley, Al Yufrah 1",Villa,3,1898.0,150000.0,13,138461.53846153847,72.9512847531815,9.2,New,2025-10-10,2026-10-29,1600000.0,"The Valley (All Phases), Al Yufrah 1-4.pdf",62,a781e27cd878b6db2b7dd13b37f1f7c9e834c2e5
Talia,"Talia, The Valley, Al Yufrah 1",Villa,3,1875.0,120000.0,12,120000.0,64.0,4.2,New,2025-10-10,2026-10-09,2900000.0,"The Valley (All Phases), Al Yufrah 1-4.pdf",64,05f430c6ce303fcb10b23eeb37e3054bfec406da
Talia,"Talia, The Valley, Al Yufrah 1",Villa,3,1898.0,145000.0,12,145000.0,76.39620653319284,7.6,New,2025-10-10,2026-10-09,1900000.0,"The Valley (All Phases), Al Yufrah 1-4.pdf",63,b52449a41381742b3fdaeb510bfdd932fd0060f6
Eden,"Eden, The Valley, Al Yufrah 1",Villa,3,1873.0,136825.0,12,136825.0,73.05125467164976,8.6,New,2025-10-07,2026-10-06,1600000.0,"The Valley (All Phases), Al Yufrah 1-4.pdf",63,de8b6a7c41ba8d800a873ab9d23aedd4d00385c7
Nara,"Nara, The Valley, Al Yufrah 1",Villa,3,1873.0,135000.0,12,135000.0,72.07688200747464,8.6,New,2025-10-06,2026-10-05,1600000.0,"The Valley (All Phases), Al Yufrah 1-4.pdf",64,617451c5645b7a4d568456ec789058e5826e84f4
Talia,"Talia, The Valley, Al Yufrah 1",Villa,3,1873.0,138000.0,12,138000.0,73.67859049652964,9.1,New,2025-10-06,2026-10-05,1500000.0,"The Valley (All Phases), Al Yufrah 1-4.pdf",60,8a06d410bcdb3d108874ba7ff1dd93e15edff5a7
Talia,"Talia, The Valley, Al Yufrah 1",Villa,3,1873.0,150000.0,12,150000.0,80.0854244527496,9.4,New,2025-10-06,2026-10-05,1600000.0,"The Valley (All Phases), Al Yufrah 1-4.pdf",63,3d70ba9873accefb810dbce5657071d92f627577
Talia,"Talia, The Valley, Al Yufrah 1",Villa,3,1898.0,135000.0,12,135000.0,71.12750263435196,5.9,New,2025-10-05,2026-10-04,2300000.0,"The Valley (All Phases), Al Yufrah 1-4.pdf",66,5873c662b4bebf7b5e7f31013920998e0cd51ab2
Nara,"Nara, The Valley, Al Yufrah 1",Villa,3,1873.0,130000.0,12,130000.0,69.40736785904966,9.0,New,2025-10-05,2026-10-04,1400000.0,"The Valley (All Phases), Al Yufrah 1-4.pdf",65,0f1cd8d865b8ebc2085019a579db6bb6b9599e6a
Talia,"Talia, The Valley, Al Yufrah 1",Villa,3,1874.0,140000.0,12,140000.0,74.70651013874067,9.2,New,2025-10-05,2026-10-04,1500000.0,"The Valley (All Phases), Al Yufrah 1-4.pdf",63,64667e1537e082cc9e5a7a5f434622285b7687b2
Talia,"Talia, The Valley, Al Yufrah 1",Villa,3,1873.0,130000.0,12,130000.0,69.40736785904966,8.7,New,2025-10-04,2026-10-03,1500000.0,"The Valley (All Phases), Al Yufrah 1-4.pdf",63,b0f567c8126a4ddeb5bcbe1219879d25622b8b4f
Eden,"Eden, The Valley, Al Yufrah 1",Villa,4,2772.0,200000.0,12,200000.0,72.15007215007215,12.7,Renewed,2025-10-02,2026-10-01,1600000.0,"The Valley (All Phases), Al Yufrah 1-4.pdf",61,bbcd253335b3640dbb97eec846fde42959c79340
Nara,"Nara, The Valley, Al Yufrah 1",Villa,3,1873.0,130000.0,12,130000.0,69.40736785904966,9.6,New,2025-10-01,2026-09-30,1400000.0,"The Valley (All Phases), Al Yufrah 1-4.pdf",67,9eaf11d6455400c9c8ad8ef91b095b3e5fc3c658
Talia,"Talia, The Valley, Al Yufrah 1",Villa,3,1873.0,150000.0,12,150000.0,80.0854244527496,8.3,New,2025-10-01,2026-09-30,1800000.0,"The Valley (All Phases), Al Yufrah 1-4.pdf",64,fe50b5075735adea5c439a65741b26eea25f9942
Eden,"Eden, The Valley, Al Yufrah 1",Villa,3,1873.0,150000.0,12,150000.0,80.0854244527496,6.1,Renewed,2025-10-01,2026-09-30,2500000.0,"The Valley (All Phases), Al Yufrah 1-4.pdf",64,8a82207e52fc9c01422c25aca9a0a3f36aeea8e8
Eden,"Eden, The Valley, Al Yufrah 1",Villa,3,1873.0,155000.0,12,155000.0,82.75493860117459,11.2,Renewed,2025-10-01,2026-09-30,1400000.0,"The Valley (All Phases), Al Yufrah 1-4.pdf",60,a2c7b37d48c5efdc6d785e733f659bbc449634aa
Eden,"Eden, The Valley, Al Yufrah 1",Villa,3,1873.0,135000.0,12,135000.0,72.07688200747464,11.4,New,2025-10-01,2026-09-30,1200000.0,"The Valley (All Phases), Al Yufrah 1-4.pdf",64,8735102a7726093c6714f86341e1d9e7bb45f99d
Eden,"Eden, The Valley, Al Yufrah 1",Villa,3,1873.0,145000.0,12,145000.0,77.41591030432461,11.7,Renewed,2025-10-01,2026-09-30,1200000.0,"The Valley (All Phases), Al Yufrah 1-4.pdf",58,e8a7f75a43c8dc4131186ae69ef46bd55d0fc381
Talia,"Talia, The Valley, Al Yufrah 1",Villa,3,1873.0,140000.0,12,140000.0,74.74639615589963,9.5,New,2025-10-01,2026-09-30,1500000.0,"The Valley (All Phases), Al Yufrah 1-4.pdf",66,2ee9535c7b2bde8fc3774acb0ef96a15363ca9b4
Nara,"Nara, The Valley, Al Yufrah 1",Villa,4,2772.0,185000.0,12,185000.0,66.73881673881674,10.1,New,2025-10-01,2026-09-30,1800000.0,"The Valley (All Phases), Al Yufrah 1-4.pdf",64,95f39c7926a62e68d0450e1d41d30f11ebac9c47
Eden,"Eden, The Valley, Al Yufrah 1",Villa,3,1873.0,125000.0,12,125000.0,66.73785371062466,5.7,New,2025-10-01,2026-09-30,2200000.0,"The Valley (All Phases), Al Yufrah 1-4.pdf",65,19444a45c09201f5b23b4b07ef0a2474e8b33836
Eden,"Eden, The Valley, Al Yufrah 1",Villa,3,1873.0,130000.0,12,130000.0,69.40736785904966,5.4,New,2025-10-01,2026-09-30,2400000.0,"The Valley (All Phases), Al Yufrah 1-4.pdf",64,b503ce4489b19470a18dd8d8dfb81cb5f2eca08c
Talia,"Talia, The Valley, Al Yufrah 1",Villa,3,1891.0,140000.0,12,140000.0,74.03490216816499,8.8,New,2025-10-01,2026-09-30,1600000.0,"The Valley (All Phases), Al Yufrah 1-4.pdf",64,0656829c1705c3a9435d1b7a77e35f99957dec06
Eden,"Eden, The Valley, Al Yufrah 1",Villa,4,2803.0,170000.0,12,170000.0,60.64930431680342,10.9,Renewed,2025-09-30,2026-09-29,1600000.0,"The Valley (All Phases), Al Yufrah 1-4.pdf",61,7fc4195901084d5b5675a6e5de128dee5b001aa0
Nara,"Nara, The Valley, Al Yufrah 1",Villa,3,1873.0,130000.0,12,130000.0,69.40736785904966,9.0,New,2025-09-29,2026-09-28,1400000.0,"The Valley (All Phases), Al Yufrah 1-4.pdf",64,c4c0ffc92a907ff1f029f38d7b6f370e038f9110
Talia,"Talia, The Valley, Al Yufrah 1",Villa,3,1873.0,140000.0,12,140000.0,74.74639615589963,9.3,New,2025-09-26,2026-09-25,1500000.0,"The Valley (All Phases), Al Yufrah 1-4.pdf",65,8760d5d7b745d3cb5924d99ad60fe4052cdeae3b
Nara,"Nara, The Valley, Al Yufrah 1",Villa,3,1873.0,140000.0,12,140000.0,74.74639615589963,7.1,New,2025-09-25,2026-09-24,2000000.0,"The Valley (All Phases), Al Yufrah 1-4.pdf",65,eeda85c5c67ed27239913ef1c8d55cf638299869
Talia,"Talia, The Valley, Al Yufrah 1",Villa,3,1873.0,140000.0,12,140000.0,74.74639615589963,8.9,New,2025-09-25,2026-09-24,1600000.0,"The Valley (All Phases), Al Yufrah 1-4.pdf",65,fd552f4cbaa6857c51b0356c03f122ab80a27f80
Nara,"Nara, The Valley, Al Yufrah 1",Villa,3,1873.0,140000.0,12,140000.0,74.74639615589963,10.0,New,2025-09-24,2026-09-23,1400000.0,"The Valley (All Phases), Al Yufrah 1-4.pdf",65,167da4cdaf6e8f79c301afe064344649d65ce34f
Eden,"Eden, The Valley, Al Yufrah 1",Villa,3,1873.0,130000.0,12,130000.0,69.40736785904966,8.4,New,2025-09-23,2026-09-22,1600000.0,"The Valley (All Phases), Al Yufrah 1-4.pdf",65,8b985d3ba30854f17cb9ce4a141d141ecbccd43e
Eden,"Eden, The Valley, Al Yufrah 1",Villa,4,2772.0,190000.0,12,190000.0,68.54256854256855,6.1,New,2025-09-23,2026-09-22,3100000.0,"The Valley (All Phases), Al Yufrah 1-4.pdf",65,3535cda1b181bbe966d4ead90db7e072a573d6dc
Talia,"Talia, The Valley, Al Yufrah 1",Villa,3,1873.0,130000.0,12,130000.0,69.40736785904966,8.5,New,2025-09-22,2026-09-21,1500000.0,"The Valley (All Phases), Al Yufrah 1-4.pdf",66,bfc389ea74fc0bf7980c6d7d66879a2aeadf888a
Eden,"Eden, The Valley, Al Yufrah 1",Villa,3,1873.0,135000.0,12,135000.0,72.07688200747464,11.5,New,2025-09-22,2026-09-21,1200000.0,"The Valley (All Phases), Al Yufrah 1-4.pdf",66,25bdd55dfe14ca77e0ecb04db540ace26c55d8c9
Eden,"Eden, The Valley, Al Yufrah 1",Villa,3,1873.0,150000.0,12,150000.0,80.0854244527496,11.3,Renewed,2025-09-21,2026-09-20,1300000.0,"The Valley (All Phases), Al Yufrah 1-4.pdf",41,3c549e3c4bb8ce19cdfc3a9dad1974edbd3a6ff3
Nara,"Nara, The Valley, Al Yufrah 1",Villa,3,1873.0,140000.0,12,140000.0,74.74639615589963,10.4,New,2025-09-20,2026-09-19,1300000.0,"The Valley (All Phases), Al Yufrah 1-4.pdf",66,4fade7a3b2f8fca9eb2f0d22938919cc65c0fff2
Eden,"Eden, The Valley, Al Yufrah 1",Villa,3,1873.0,140000.0,12,140000.0,74.74639615589963,9.0,Renewed,2025-09-20,2026-09-19,1600000.0,"The Valley (All Phases), Al Yufrah 1-4.pdf",67,638759d2ecc3a37f622e16525aa8b679605dad84
Talia,"Talia, The Valley, Al Yufrah 1",Villa,3,1873.0,409825.0,36,136608.33333333334,72.93557572521802,24.8,New,2025-09-18,2028-09-17,1700000.0,"The Valley (All Phases), Al Yufrah 1-4.pdf",66,460028645ab71b431376c677be97de1ec016c35d
Talia,"Talia, The Valley, Al Yufrah 1",Villa,3,1873.0,137000.0,12,137000.0,73.14468766684463,5.8,New,2025-09-18,2026-09-17,2400000.0,"The Valley (All Phases), Al Yufrah 1-4.pdf",66,c1498c18b132c15988f26f533796e457d41efb80
Nara,"Nara, The Valley, Al Yufrah 1",Villa,4,2772.0,165000.0,12,165000.0,59.523809523809526,9.6,New,2025-09-17,2026-09-16,1700000.0,"The Valley (All Phases), Al Yufrah 1-4.pdf",65,9fc43611c0c07aa0e73f8df3cc20c06eb05b5981
Talia,"Talia, The Valley, Al Yufrah 1",Villa,4,2770.0,180000.0,12,180000.0,64.98194945848375,8.0,New,2025-09-15,2026-09-14,2300000.0,"The Valley (All Phases), Al Yufrah 1-4.pdf",66,b2d5435cd22a95f7507a0e09fd09ae6c70d49f78
Nara,"Nara, The Valley, Al Yufrah 1",Villa,3,1873.0,130000.0,12,130000.0,69.40736785904966,9.5,New,2025-09-15,2026-09-14,1400000.0,"The Valley (All Phases), Al Yufrah 1-4.pdf",66,12f84bf37d772364f998fedd14807bd9488272c2
Talia,"Talia, The Valley, Al Yufrah 1",Villa,3,1873.0,125000.0,12,125000.0,66.73785371062466,8.3,New,2025-09-15,2026-09-14,1500000.0,"The Valley (All Phases), Al Yufrah 1-4.pdf",67,4741b768f2b29dbe05b7d5200281b8fcb68dd530
Nara,"Nara, The Valley, Al Yufrah 1",Villa,3,1873.0,135000.0,12,135000.0,72.07688200747464,9.9,New,2025-09-15,2026-09-14,1400000.0,"The Valley (All Phases), Al Yufrah 1-4.pdf",67,9f399ed13fa090b843ce30b3607a7fb03fb2ec90
Nara,"Nara, The Valley, Al Yufrah 1",Villa,3,1873.0,145000.0,12,145000.0,77.41591030432461,10.6,New,2025-09-15,2026-09-14,1400000.0,"The Valley (All Phases), Al Yufrah 1-4.pdf",66,bd30c9a547ca42c1d8a110330d734f2d2a55f212
Eden,"Eden, The Valley, Al Yufrah 1",Villa,4,2772.0,185000.0,12,185000.0,66.73881673881674,7.9,Renewed,2025-09-15,2026-09-14,2400000.0,"The Valley (All Phases), Al Yufrah 1-4.pdf",65,1c4cbfdcaed48a5a44dd81a5df4ab7669778411a
Eden,"Eden, The Valley, Al Yufrah 1",Villa,3,1873.0,135000.0,12,135000.0,72.07688200747464,11.5,Renewed,2025-09-11,2026-09-10,1200000.0,"The Valley (All Phases), Al Yufrah 1-4.pdf",66,b30cced60e912091a54f389cba64c8dcb41a5d2b
Eden,"Eden, The Valley, Al Yufrah 1",Villa,3,1873.0,140000.0,12,140000.0,74.74639615589963,10.5,Renewed,2025-09-10,2026-09-09,1300000.0,"The Valley (All Phases), Al Yufrah 1-4.pdf",65,130aabeee4eb03f154394a2a8b2fc38c6d42738a
Nara,"Nara, The Valley, Al Yufrah 1",Villa,3,1873.0,140000.0,12,140000.0,74.74639615589963,10.2,New,2025-09-10,2026-09-09,1400000.0,"The Valley (All Phases), Al Yufrah 1-4.pdf",68,d61b09149c5953f812a32eff13d39328f1b822ba
Eden,"Eden, The Valley, Al Yufrah 1",Villa,4,2772.0,217500.0,13,200769.23076923078,72.42757242757243,12.0,New,2025-09-10,2026-09-10,1800000.0,"The Valley (All Phases), Al Yufrah 1-4.pdf",67,d395d273bac9dda2ea16ce95edc76dab525bbd55
Eden,"Eden, The Valley, Al Yufrah 1",Villa,4,2772.0,217500.0,12,217500.0,78.46320346320347,12.0,New,2025-09-10,2026-09-09,1800000.0,"The Valley (All Phases), Al Yufrah 1-4.pdf",67,9b8d446e665ed737a321111c48ed0a2bed5fcfeb
Talia,"Talia, The Valley, Al Yufrah 1",Villa,3,1873.0,145000.0,12,145000.0,77.41591030432461,5.6,New,2025-09-07,2026-09-06,2600000.0,"The Valley (All Phases), Al Yufrah 1-4.pdf",68,d51e5ca8fff41b6f719a1b609510335aae4cce4e
Nara,"Nara, The Valley, Al Yufrah 1",Villa,4,2772.0,180000.0,12,180000.0,64.93506493506493,9.9,New,2025-09-07,2026-09-06,1800000.0,"The Valley (All Phases), Al Yufrah 1-4.pdf",67,c4e2cc2b6dc78434a813b4c0121394d8ed5ebace
Nara,"Nara, The Valley, Al Yufrah 1",Villa,3,1873.0,135000.0,12,135000.0,72.07688200747464,8.4,New,2025-09-05,2026-09-04,1600000.0,"The Valley (All Phases), Al Yufrah 1-4.pdf",56,e787264d093001ad55606513f5fdb9d8395aad71
Eden,"Eden, The Valley, Al Yufrah 1",Villa,3,1873.0,140000.0,12,140000.0,74.74639615589963,11.0,New,2025-09-05,2026-09-04,1300000.0,"The Valley (All Phases), Al Yufrah 1-4.pdf",67,7284c53457ab141192e2224e30777c57698b54bc
Nara,"Nara, The Valley, Al Yufrah 1",Villa,4,2750.0,180000.0,12,180000.0,65.45454545454545,10.2,New,2025-09-05,2026-09-04,1800000.0,"The Valley (All Phases), Al Yufrah 1-4.pdf",67,e3df23568ddf8926a6664df98a122b926d1bfd46
Eden,"Eden, The Valley, Al Yufrah 1",Villa,3,1873.0,155000.0,12,155000.0,82.75493860117459,9.6,Renewed,2025-09-04,2026-09-03,1600000.0,"The Valley (All Phases), Al Yufrah 1-4.pdf",63,681fa7fba4bf58e99595c9289a699a503760cf12
Talia,"Talia, The Valley, Al Yufrah 1",Villa,4,2768.0,165000.0,12,165000.0,59.60982658959538,8.8,New,2025-09-03,2026-09-02,1900000.0,"The Valley (All Phases), Al Yufrah 1-4.pdf",67,b9d6ab01c6d687ce7ec4b92785b8619f8b61380e
Eden,"Eden, The Valley, Al Yufrah 1",Villa,3,1873.0,140000.0,12,140000.0,74.74639615589963,8.9,New,2025-09-01,2026-08-31,1600000.0,"The Valley (All Phases), Al Yufrah 1-4.pdf",68,b760b43c3bfaf28edf1b1d00a153380735621389
Nara,"Nara, The Valley, Al Yufrah 1",Villa,3,1873.0,140000.0,12,140000.0,74.74639615589963,9.7,New,2025-09-01,2026-08-31,1400000.0,"The Valley (All Phases), Al Yufrah 1-4.pdf",68,d27be74b381afe217df7d8f9223cbe60113865d7
Eden,"Eden, The Valley, Al Yufrah 1",Villa,3,1873.0,140000.0,12,140000.0,74.74639615589963,10.7,Renewed,2025-09-01,2026-08-31,1300000.0,"The Valley (All Phases), Al Yufrah 1-4.pdf",64,9131da34aca1ef5b6a2586ee4f4dfcc4d2ac32d8
Eden,"Eden, The Valley, Al Yufrah 1",Villa,3,1873.0,140000.0,12,140000.0,74.74639615589963,10.8,Renewed,2025-09-01,2026-08-31,1300000.0,"The Valley (All Phases), Al Yufrah 1-4.pdf",68,4b8ae52d494b4fad2e4102c0c2d63549aa3e4a96
Eden,"Eden, The Valley, Al Yufrah 1",Villa,3,1873.0,140000.0,12,140000.0,74.74639615589963,5.4,Renewed,2025-09-01,2026-08-31,2600000.0,"The Valley (All Phases), Al Yufrah 1-4.pdf",67,ebd6383d6113005ce45935e993e3bb9a76040a0c
Eden,"Eden, The Valley, Al Yufrah 1",Villa,3,1873.0,128000.0,12,128000.0,68.33956219967966,10.8,Renewed,2025-08-25,2026-08-24,1200000.0,"The Valley (All Phases), Al Yufrah 1-4.pdf",68,645829fe110913c9fa32a92180f200ed3573e116
Eden,"Eden, The Valley, Al Yufrah 1",Villa,3,1873.0,140000.0,12,140000.0,74.74639615589963,11.2,Renewed,2025-08-12,2026-08-11,1300000.0,"The Valley (All Phases), Al Yufrah 1-4.pdf",66,9a521b7b03fe992f6b4592a35aba756ea04dbbe3
Eden,"Eden, The Valley, Al Yufrah 1",Villa,3,1873.0,135000.0,12,135000.0,72.07688200747464,11.4,Renewed,2025-08-11,2026-08-10,1200000.0,"The Valley (All Phases), Al Yufrah 1-4.pdf",63,36d12024901cc2a5c40dec878ab7ed7c3b58c75a
Eden,"Eden, The Valley, Al Yufrah 1",Villa,3,1873.0,125000.0,12,125000.0,66.73785371062466,10.2,Renewed,2025-08-10,2026-08-09,1200000.0,"The Valley (All Phases), Al Yufrah 1-4.pdf",6,462aabbe13aacf13666c6fb104eca62d240ca763
Eden,"Eden, The Valley, Al Yufrah 1",Villa,3,1910.0,140000.0,12,140000.0,73.29842931937172,11.4,New,2025-08-10,2026-08-09,1200000.0,"The Valley (All Phases), Al Yufrah 1-4.pdf",58,8b2f6cc6526845e6f5c47641591490ebc26b2bdb
Eden,"Eden, The Valley, Al Yufrah 1",Villa,3,1873.0,126000.0,12,126000.0,67.27175654030967,10.8,Renewed,2025-08-01,2026-07-31,1200000.0,"The Valley (All Phases), Al Yufrah 1-4.pdf",66,3015dfdb74c45d0c66fc1f9be7df2ea4a1c00826
Eden,"Eden, The Valley, Al Yufrah 1",Villa,3,1873.0,126000.0,12,126000.0,67.27175654030967,10.8,New,2025-07-25,2026-07-24,1200000.0,"The Valley (All Phases), Al Yufrah 1-4.pdf",40,4fdc65a9b339f5acf9e82ce9ae6e7f0ebfb6935a
Eden,"Eden, The Valley, Al Yufrah 1",Villa,4,2772.0,180000.0,12,180000.0,64.93506493506493,12.0,Renewed,2025-06-07,2026-06-06,1500000.0,"The Valley (All Phases), Al Yufrah 1-4.pdf",67,6121f21257f48b6e21929a80d6d279cb0c94fba0
Eden,"Eden, The Valley, Al Yufrah 1",Villa,3,1873.0,120000.0,12,120000.0,64.06833956219968,10.2,Renewed,2025-05-03,2026-05-02,1200000.0,"The Valley (All Phases), Al Yufrah 1-4.pdf",63,55361aa15e7a40b7951550a1e727d5bb2a4cabcb
Eden,"Eden, The Valley, Al Yufrah 1",Villa,3,1873.0,150000.0,12,150000.0,80.0854244527496,5.9,New,2025-05-03,2026-05-02,2500000.0,"The Valley (All Phases), Al Yufrah 1-4.pdf",67,69348440453cf3a8850cd20b231d6def0cfd0717
